Make,Model_Year,Fuel_Type,Transmission,Engine_Capacity,Kms_Driven,Price,Url,Description
FAW,2015,Petrol,Manual,1300cc,"170,000 km",1200000,https://www.pakwheels.com/used-cars/faw-v2-2015-for-sale-in-lahore-5332779,FAW V2 2015 for sale in Lahore
FAW,2017,Petrol,Manual,1300cc,"53,000 km",1199000,https://www.pakwheels.com/used-cars/faw-v2-2017-for-sale-in-lahore-5328676,FAW V2 2017 for sale in Lahore
FAW,2016,Petrol,Manual,1000cc,"115,000 km",750000,https://www.pakwheels.com/used-cars/faw-x-pv-2016-for-sale-in-chakwal-5324969,FAW X-PV 2016 for sale in Chakwal
FAW,2013,Petrol,Manual,1000cc,"208,979 km",750000,https://www.pakwheels.com/used-cars/faw-x-pv-2013-for-sale-in-rawalpindi-5207379,FAW X-PV 2013 for sale in Rawalpindi
FAW,2015,Petrol,Manual,1300cc,"66,579 km",1200000,https://www.pakwheels.com/used-cars/faw-v2-2015-for-sale-in-islamabad-5201370,FAW V2 2015 for sale in Islamabad
FAW,2018,Petrol,Manual,1300cc,"75,000 km",1350000,https://www.pakwheels.com/used-cars/faw-v2-2018-for-sale-in-faisalabad-5305977,FAW V2 2018 for sale in Faisalabad
FAW,2017,Petrol,Manual,1000cc,"29,078 km",890000,https://www.pakwheels.com/used-cars/faw-x-pv-2017-for-sale-in-karachi-4843622,FAW X-PV 2017 for sale in Karachi
FAW,2017,Petrol,Manual,1300cc,"153,235 km",1250000,https://www.pakwheels.com/used-cars/faw-v2-2017-for-sale-in-lahore-5260193,FAW V2 2017 for sale in Lahore
FAW,2019,Petrol,Manual,1300cc,"9,559 km",1450000,https://www.pakwheels.com/used-cars/faw-v2-2019-for-sale-in-lahore-5260200,FAW V2 2019 for sale in Lahore
FAW,2019,Petrol,Manual,1300cc,"42,000 km",1475000,https://www.pakwheels.com/used-cars/faw-v2-2019-for-sale-in-lahore-5187755,FAW V2 2019 for sale in Lahore
FAW,2019,Petrol,Manual,1000cc,"59,509 km",975000,https://www.pakwheels.com/used-cars/faw-x-pv-2019-for-sale-in-islamabad-5153896,FAW X-PV 2019 for sale in Islamabad
FAW,2017,Petrol,Manual,1000cc,"17,000 km",1050000,https://www.pakwheels.com/used-cars/faw-x-pv-2017-for-sale-in-faisalabad-5342066,FAW X-PV 2017 for sale in Faisalabad
FAW,2018,Petrol,Manual,1300cc,"40,400 km",1490000,https://www.pakwheels.com/used-cars/faw-v2-2018-for-sale-in-islamabad-5341780,FAW V2 2018 for sale in Islamabad
FAW,2016,Petrol,Manual,1000cc,"103,000 km",775000,https://www.pakwheels.com/used-cars/faw-x-pv-2016-for-sale-in-lahore-5341674,FAW X-PV 2016 for sale in Lahore
FAW,2016,Petrol,Manual,1000cc,"60,000 km",950000,https://www.pakwheels.com/used-cars/faw-x-pv-2016-for-sale-in-dina-5341095,FAW X-PV 2016 for sale in Dina
FAW,2017,Petrol,Manual,1000cc,"135,000 km",650000,https://www.pakwheels.com/used-cars/faw-carrier-2017-for-sale-in-lahore-5340424,FAW Carrier 2017 for sale in Lahore
FAW,2017,Petrol,Manual,1000cc,"44,551 km",850000,https://www.pakwheels.com/used-cars/faw-x-pv-2017-for-sale-in-gujranwala-5340309,FAW X-PV 2017 for sale in Gujranwala
FAW,2018,Petrol,Manual,1300cc,"29,000 km",1225000,https://www.pakwheels.com/used-cars/faw-v2-2018-for-sale-in-lahore-5340301,FAW V2 2018 for sale in Lahore
FAW,2018,Petrol,Manual,1000cc,"160,000 km",650000,https://www.pakwheels.com/used-cars/faw-x-pv-2018-for-sale-in-lahore-5340297,FAW X-PV 2018 for sale in Lahore
FAW,2018,Petrol,Manual,1000cc,"61,000 km",850000,https://www.pakwheels.com/used-cars/faw-carrier-2018-for-sale-in-karachi-5340222,FAW Carrier 2018 for sale in Karachi
FAW,2015,Petrol,Manual,1000cc,"50,000 km",690000,https://www.pakwheels.com/used-cars/faw-x-pv-2015-for-sale-in-faisalabad-5340178,FAW X-PV 2015 for sale in Faisalabad
FAW,2017,Petrol,Manual,1000cc,"70,000 km",800000,https://www.pakwheels.com/used-cars/faw-carrier-2017-for-sale-in-lahore-5339993,FAW Carrier 2017 for sale in Lahore
FAW,2017,Petrol,Manual,1000cc,"82,000 km",850000,https://www.pakwheels.com/used-cars/faw-carrier-2017-for-sale-in-lahore-5231564,FAW Carrier 2017 for sale in Lahore
FAW,2016,Petrol,Manual,1000cc,"68,000 km",830000,https://www.pakwheels.com/used-cars/faw-x-pv-2016-for-sale-in-faisalabad-5339465,FAW X-PV 2016 for sale in Faisalabad
FAW,2020,Petrol,Manual,1000cc,"24,000 km",1400000,https://www.pakwheels.com/used-cars/faw-x-pv-2020-for-sale-in-lahore-5078535,FAW X-PV 2020 for sale in Lahore
FAW,2015,Petrol,Manual,1000cc,"70,000 km",575000,https://www.pakwheels.com/used-cars/faw-carrier-2015-for-sale-in-karachi-5339240,FAW Carrier 2015 for sale in Karachi
FAW,2020,Petrol,Manual,1000cc,"9,000 km",1050000,https://www.pakwheels.com/used-cars/faw-carrier-2020-for-sale-in-rawalpindi-5338396,FAW Carrier 2020 for sale in Rawalpindi
FAW,2017,Petrol,Manual,1300cc,"75,000 km",1150000,https://www.pakwheels.com/used-cars/faw-v2-2017-for-sale-in-multan-5337529,FAW V2 2017 for sale in Multan
FAW,2015,Petrol,Manual,1000cc,"200,000 km",675000,https://www.pakwheels.com/used-cars/faw-x-pv-2015-for-sale-in-lahore-5337253,FAW X-PV 2015 for sale in Lahore
FAW,2019,Petrol,Manual,1000cc,"84,000 km",1280000,https://www.pakwheels.com/used-cars/faw-x-pv-2019-for-sale-in-lahore-5336396,FAW X-PV 2019 for sale in Lahore
FAW,2016,Petrol,Manual,1000cc,"16,000 km",750000,https://www.pakwheels.com/used-cars/faw-x-pv-2016-for-sale-in-sargodha-5334586,FAW X-PV 2016 for sale in Sargodha
FAW,2015,Petrol,Manual,1000cc,"150,000 km",690000,https://www.pakwheels.com/used-cars/faw-x-pv-2015-for-sale-in-islamabad-5330968,FAW X-PV 2015 for sale in Islamabad
FAW,2018,Petrol,Manual,1000cc,"38,000 km",890000,https://www.pakwheels.com/used-cars/faw-x-pv-2018-for-sale-in-lahore-5194682,FAW X-PV 2018 for sale in Lahore
FAW,2017,Petrol,Manual,1300cc,"92,000 km",1190000,https://www.pakwheels.com/used-cars/faw-v2-2017-for-sale-in-karachi-5335227,FAW V2 2017 for sale in Karachi
FAW,2014,Petrol,Manual,1000cc,"80,000 km",595000,https://www.pakwheels.com/used-cars/faw-carrier-2014-for-sale-in-islamabad-5334709,FAW Carrier 2014 for sale in Islamabad
FAW,2019,Petrol,Manual,1300cc,"9,000 km",1450000,https://www.pakwheels.com/used-cars/faw-v2-2019-for-sale-in-lahore-5334067,FAW V2 2019 for sale in Lahore
FAW,2018,Petrol,Manual,1300cc,"53,300 km",1350000,https://www.pakwheels.com/used-cars/faw-v2-2018-for-sale-in-lahore-5333957,FAW V2 2018 for sale in Lahore
FAW,2018,Petrol,Manual,1000cc,"21,000 km",1100000,https://www.pakwheels.com/used-cars/faw-x-pv-2018-for-sale-in-peshawar-5203821,FAW X-PV 2018 for sale in Peshawar
FAW,2016,Petrol,Manual,1300cc,"83,000 km",1175000,https://www.pakwheels.com/used-cars/faw-v2-2016-for-sale-in-jhang-5333396,FAW V2 2016 for sale in Jhang
FAW,2018,Petrol,Manual,1300cc,"6,600 km",1425000,https://www.pakwheels.com/used-cars/faw-v2-2018-for-sale-in-islamabad-5307842,FAW V2 2018 for sale in Islamabad
FAW,2018,Petrol,Manual,1300cc,"66,000 km",1395000,https://www.pakwheels.com/used-cars/faw-v2-2018-for-sale-in-islamabad-5333176,FAW V2 2018 for sale in Islamabad
FAW,2017,Petrol,Manual,1300cc,"76,000 km",1150000,https://www.pakwheels.com/used-cars/faw-v2-2017-for-sale-in-islamabad-5332581,FAW V2 2017 for sale in Islamabad
FAW,2017,Petrol,Manual,1300cc,"62,000 km",1200000,https://www.pakwheels.com/used-cars/faw-v2-2017-for-sale-in-rawalpindi-5332298,FAW V2 2017 for sale in Rawalpindi
FAW,2013,Petrol,Manual,10000cc,"100,700 km",500000,https://www.pakwheels.com/used-cars/faw-x-pv-2013-for-sale-in-lahore-5322528,FAW X-PV 2013 for sale in Lahore
FAW,2018,Petrol,Manual,1300cc,"41,000 km",1350000,https://www.pakwheels.com/used-cars/faw-v2-2018-for-sale-in-islamabad-5330772,FAW V2 2018 for sale in Islamabad
FAW,2018,Petrol,Manual,1000cc,"66,000 km",1150000,https://www.pakwheels.com/used-cars/faw-x-pv-2018-for-sale-in-kharian-5329864,FAW X-PV 2018 for sale in Kharian
FAW,2016,Petrol,Manual,1000cc,"65,542 km",800000,https://www.pakwheels.com/used-cars/faw-x-pv-2016-for-sale-in-sargodha-5328989,FAW X-PV 2016 for sale in Sargodha
FAW,2017,Petrol,Manual,1300cc,"64,500 km",1375000,https://www.pakwheels.com/used-cars/faw-v2-2017-for-sale-in-lahore-5329666,FAW V2 2017 for sale in Lahore
FAW,2016,Petrol,Manual,1300cc,"97,000 km",1250000,https://www.pakwheels.com/used-cars/faw-v2-2016-for-sale-in-islamabad-5329311,FAW V2 2016 for sale in Islamabad
FAW,2017,Petrol,Manual,1300cc,"102,500 km",1100000,https://www.pakwheels.com/used-cars/faw-v2-2017-for-sale-in-bhalwal-5328619,FAW V2 2017 for sale in Bhalwal
FAW,2019,Petrol,Manual,1300cc,"36,000 km",1500000,https://www.pakwheels.com/used-cars/faw-v2-2019-for-sale-in-bahawalnagar-5328198,FAW V2 2019 for sale in Bahawalnagar
FAW,2018,Petrol,Manual,1300cc,"35,000 km",1320000,https://www.pakwheels.com/used-cars/faw-v2-2018-for-sale-in-bahawalpur-5328053,FAW V2 2018 for sale in Bahawalpur
FAW,2017,Petrol,Manual,800cc,"38,000 km",825000,https://www.pakwheels.com/used-cars/faw-x-pv-2017-for-sale-in-khanewal-5327968,FAW X-PV 2017 for sale in Khanewal
FAW,2018,Petrol,Manual,1300cc,"105,812 km",1400000,https://www.pakwheels.com/used-cars/faw-v2-2018-for-sale-in-lahore-5327755,FAW V2 2018 for sale in Lahore
FAW,2016,Petrol,Manual,1000cc,"108,000 km",935000,https://www.pakwheels.com/used-cars/faw-x-pv-2016-for-sale-in-pindi-gheb-5327547,FAW X-PV 2016 for sale in Pindi gheb
FAW,2016,Petrol,Manual,1000cc,"91,000 km",890000,https://www.pakwheels.com/used-cars/faw-x-pv-2016-for-sale-in-rajana-5327530,FAW X-PV 2016 for sale in Rajana
FAW,2015,Petrol,Manual,1000cc,"60,000 km",620000,https://www.pakwheels.com/used-cars/faw-carrier-2015-for-sale-in-swabi-5326634,FAW Carrier 2015 for sale in Swabi
FAW,2016,Petrol,Manual,1000cc,"88,000 km",550000,https://www.pakwheels.com/used-cars/faw-carrier-2016-for-sale-in-lahore-5326329,FAW Carrier 2016 for sale in Lahore
FAW,2015,Petrol,Manual,1300cc,"150,000 km",1080000,https://www.pakwheels.com/used-cars/faw-v2-2015-for-sale-in-peshawar-5326001,FAW V2 2015 for sale in Peshawar
FAW,2016,Petrol,Manual,1300cc,"78,000 km",1200000,https://www.pakwheels.com/used-cars/faw-v2-2016-for-sale-in-lahore-5325954,FAW V2 2016 for sale in Lahore
FAW,2017,Petrol,Manual,1300cc,"38,400 km",1150000,https://www.pakwheels.com/used-cars/faw-v2-2017-for-sale-in-hyderabad-5241108,FAW V2 2017 for sale in Hyderabad
FAW,2019,Petrol,Manual,1300cc,"10,750 km",1425000,https://www.pakwheels.com/used-cars/faw-v2-2019-for-sale-in-lahore-5325326,FAW V2 2019 for sale in Lahore
FAW,2016,Petrol,Manual,1000cc,13 km,685000,https://www.pakwheels.com/used-cars/faw-carrier-2016-for-sale-in-lahore-5324939,FAW Carrier 2016 for sale in Lahore
FAW,2016,Petrol,Manual,1000cc,"65,000 km",650000,https://www.pakwheels.com/used-cars/faw-x-pv-2016-for-sale-in-multan-5324654,FAW X-PV 2016 for sale in Multan
FAW,2014,CNG,Manual,1000cc,"120,000 km",625000,https://www.pakwheels.com/used-cars/faw-x-pv-2014-for-sale-in-multan-4687428,FAW X-PV 2014 for sale in Multan
FAW,2017,Petrol,Manual,1300cc,"110,000 km",1215000,https://www.pakwheels.com/used-cars/faw-v2-2017-for-sale-in-bahawalpur-5324183,FAW V2 2017 for sale in Bahawalpur
FAW,2018,Petrol,Manual,1300cc,"39,600 km",1400000,https://www.pakwheels.com/used-cars/faw-v2-2018-for-sale-in-rawalpindi-5323592,FAW V2 2018 for sale in Rawalpindi
FAW,2017,Petrol,Manual,1300cc,"100,000 km",1350000,https://www.pakwheels.com/used-cars/faw-v2-2017-for-sale-in-karachi-5323318,FAW V2 2017 for sale in Karachi
FAW,2014,Petrol,Manual,1000cc,"125,000 km",675000,https://www.pakwheels.com/used-cars/faw-x-pv-2014-for-sale-in-lahore-5323254,FAW X-PV 2014 for sale in Lahore
FAW,2016,Petrol,Manual,1300cc,"124,000 km",1100000,https://www.pakwheels.com/used-cars/faw-v2-2016-for-sale-in-faisalabad-5323113,FAW V2 2016 for sale in Faisalabad
FAW,2018,Petrol,Manual,1300cc,"82,000 km",1000000,https://www.pakwheels.com/used-cars/faw-v2-2018-for-sale-in-karachi-5322990,FAW V2 2018 for sale in Karachi
FAW,2021,Petrol,Manual,1000cc,"2,400 km",1374000,https://www.pakwheels.com/used-cars/faw-x-pv-2021-for-sale-in-islamabad-5322913,FAW X-PV 2021 for sale in Islamabad
FAW,2020,Diesel,Manual,2800cc,"1,000 km",1600000,https://www.pakwheels.com/used-cars/faw-besturn-2020-for-sale-in-larkana-5322719,FAW Besturn 2020 for sale in Larkana
FAW,2018,Petrol,Manual,1000cc,"25,000 km",1100000,https://www.pakwheels.com/used-cars/faw-x-pv-2018-for-sale-in-rawalpindi-5322430,FAW X-PV 2018 for sale in Rawalpindi
FAW,2021,Petrol,Manual,1300cc,"10,600 km",1700000,https://www.pakwheels.com/used-cars/faw-v2-2021-for-sale-in-bahawalpur-5321260,FAW V2 2021 for sale in Bahawalpur
FAW,2017,Petrol,Manual,1000cc,"90,000 km",600000,https://www.pakwheels.com/used-cars/faw-carrier-2017-for-sale-in-karachi-5321031,FAW Carrier 2017 for sale in Karachi
FAW,2019,Petrol,Manual,1300cc,"36,000 km",1500000,https://www.pakwheels.com/used-cars/faw-v2-2019-for-sale-in-faisalabad-5320984,FAW V2 2019 for sale in Faisalabad
FAW,2016,Petrol,Manual,1000cc,"46,000 km",850000,https://www.pakwheels.com/used-cars/faw-x-pv-2016-for-sale-in-lahore-5320850,FAW X-PV 2016 for sale in Lahore
FAW,2018,Petrol,Manual,1300cc,"37,000 km",1350000,https://www.pakwheels.com/used-cars/faw-v2-2018-for-sale-in-chakwal-5320838,FAW V2 2018 for sale in Chakwal
FAW,2017,Petrol,Manual,1300cc,"100,000 km",1225000,https://www.pakwheels.com/used-cars/faw-v2-2017-for-sale-in-karachi-5320158,FAW V2 2017 for sale in Karachi
FAW,2019,Petrol,Manual,1000cc,"40,000 km",1150000,https://www.pakwheels.com/used-cars/faw-x-pv-2019-for-sale-in-islamabad-5318967,FAW X-PV 2019 for sale in Islamabad
FAW,2016,Petrol,Manual,1000cc,"110,000 km",670000,https://www.pakwheels.com/used-cars/faw-x-pv-2016-for-sale-in-layyah-5318843,FAW X-PV 2016 for sale in Layyah
FAW,2020,Petrol,Manual,1300cc,"30,000 km",1520000,https://www.pakwheels.com/used-cars/faw-v2-2020-for-sale-in-islamabad-5317345,FAW V2 2020 for sale in Islamabad
FAW,2014,Petrol,Manual,1000cc,"200,000 km",530000,https://www.pakwheels.com/used-cars/faw-x-pv-2014-for-sale-in-multan-5317146,FAW X-PV 2014 for sale in Multan
FAW,2018,Petrol,Manual,1000cc,1 km,890000,https://www.pakwheels.com/used-cars/faw-x-pv-2018-for-sale-in-wah-cantt-5315898,FAW X-PV 2018 for sale in Wah cantt
FAW,2014,Petrol,Manual,1300cc,"78,500 km",1375000,https://www.pakwheels.com/used-cars/faw-sirius-2014-for-sale-in-lahore-5315832,FAW Sirius 2014 for sale in Lahore
FAW,2020,Petrol,Manual,1000cc,"18,000 km",1020000,https://www.pakwheels.com/used-cars/faw-carrier-2020-for-sale-in-peshawar-5315691,FAW Carrier 2020 for sale in Peshawar
FAW,2017,Petrol,Manual,1000cc,"130,000 km",780000,https://www.pakwheels.com/used-cars/faw-x-pv-2017-for-sale-in-sialkot-5314478,FAW X-PV 2017 for sale in Sialkot
FAW,2017,Petrol,Manual,1300cc,"42,000 km",1135000,https://www.pakwheels.com/used-cars/faw-v2-2017-for-sale-in-lahore-5314354,FAW V2 2017 for sale in Lahore
FAW,2016,Petrol,Manual,1300cc,"35,000 km",1300000,https://www.pakwheels.com/used-cars/faw-v2-2016-for-sale-in-rawalpindi-5313105,FAW V2 2016 for sale in Rawalpindi
FAW,2016,Petrol,Manual,1000cc,"60,000 km",670000,https://www.pakwheels.com/used-cars/faw-carrier-2016-for-sale-in-faisalabad-5312973,FAW Carrier 2016 for sale in Faisalabad
FAW,2014,Petrol,Manual,1000cc,"120,000 km",500000,https://www.pakwheels.com/used-cars/faw-x-pv-2014-for-sale-in-narowal-5186327,FAW X-PV 2014 for sale in Narowal
FAW,2015,Petrol,Manual,1000cc,"100,000 km",670000,https://www.pakwheels.com/used-cars/faw-x-pv-2015-for-sale-in-lahore-5310878,FAW X-PV 2015 for sale in Lahore
FAW,2018,Petrol,Manual,1300cc,"52,000 km",1250000,https://www.pakwheels.com/used-cars/faw-v2-2018-for-sale-in-multan-5310508,FAW V2 2018 for sale in Multan
FAW,2015,Petrol,Manual,1300cc,"52,000 km",1150000,https://www.pakwheels.com/used-cars/faw-v2-2015-for-sale-in-bahawalpur-5310225,FAW V2 2015 for sale in Bahawalpur
FAW,2017,Petrol,Manual,1300cc,18 km,1300000,https://www.pakwheels.com/used-cars/faw-v2-2017-for-sale-in-rahim-yar-khan-5309987,FAW V2 2017 for sale in Rahim Yar Khan
FAW,2017,Petrol,Manual,1000cc,"4,000 km",820000,https://www.pakwheels.com/used-cars/faw-carrier-2017-for-sale-in-karachi-5307587,FAW Carrier 2017 for sale in Karachi
FAW,2020,Petrol,Manual,1000cc,"22,000 km",1125000,https://www.pakwheels.com/used-cars/faw-x-pv-2020-for-sale-in-karachi-5306243,FAW X-PV 2020 for sale in Karachi
FAW,2015,Petrol,Manual,1300cc,"130,171 km",1070000,https://www.pakwheels.com/used-cars/faw-v2-2015-for-sale-in-faisalabad-5305974,FAW V2 2015 for sale in Faisalabad
FAW,2016,Petrol,Manual,1000cc,"10,000 km",800000,https://www.pakwheels.com/used-cars/faw-carrier-2016-for-sale-in-lahore-5305741,FAW Carrier 2016 for sale in Lahore
FAW,2014,Petrol,Manual,1000cc,"99,000 km",675000,https://www.pakwheels.com/used-cars/faw-x-pv-2014-for-sale-in-sarai-alamgir-5305721,FAW X-PV 2014 for sale in Sarai alamgir
FAW,2016,Petrol,Manual,1000cc,"54,000 km",750000,https://www.pakwheels.com/used-cars/faw-x-pv-2016-for-sale-in-hyderabad-5304721,FAW X-PV 2016 for sale in Hyderabad
FAW,2015,Petrol,Manual,1000cc,"195,532 km",780000,https://www.pakwheels.com/used-cars/faw-carrier-2015-for-sale-in-kohat-5304580,FAW Carrier 2015 for sale in Kohat
FAW,2015,Petrol,Manual,1300cc,"90,000 km",1150000,https://www.pakwheels.com/used-cars/faw-v2-2015-for-sale-in-peshawar-5304375,FAW V2 2015 for sale in Peshawar
FAW,2017,Petrol,Manual,1000cc,"60,000 km",850000,https://www.pakwheels.com/used-cars/faw-x-pv-2017-for-sale-in-sara-e-alamgir-4843293,FAW X-PV 2017 for sale in Sara-E-Alamgir
FAW,2020,Petrol,Manual,1000cc,"23,000 km",1180000,https://www.pakwheels.com/used-cars/faw-x-pv-2020-for-sale-in-karachi-5303774,FAW X-PV 2020 for sale in Karachi
FAW,2015,Petrol,Manual,1300cc,"145,000 km",1500000,https://www.pakwheels.com/used-cars/faw-sirius-2015-for-sale-in-islamabad-5303569,FAW Sirius 2015 for sale in Islamabad
FAW,2017,Petrol,Manual,1000cc,"68,000 km",760000,https://www.pakwheels.com/used-cars/faw-carrier-2017-for-sale-in-lahore-5303104,FAW Carrier 2017 for sale in Lahore
FAW,2016,Petrol,Manual,1000cc,"60,000 km",900000,https://www.pakwheels.com/used-cars/faw-x-pv-2016-for-sale-in-lahore-5211014,FAW X-PV 2016 for sale in Lahore
FAW,2017,Petrol,Manual,1300cc,"54,000 km",1225000,https://www.pakwheels.com/used-cars/faw-v2-2017-for-sale-in-rawalpindi-5301982,FAW V2 2017 for sale in Rawalpindi
FAW,2019,Petrol,Manual,1000cc,"49,000 km",1300000,https://www.pakwheels.com/used-cars/faw-x-pv-2019-for-sale-in-mandi-bahauddin-5299156,FAW X-PV 2019 for sale in Mandi bahauddin
FAW,2018,Petrol,Manual,1000cc,"92,000 km",870000,https://www.pakwheels.com/used-cars/faw-x-pv-2018-for-sale-in-lahore-5301434,FAW X-PV 2018 for sale in Lahore
FAW,2015,Petrol,Manual,1300cc,123 km,890000,https://www.pakwheels.com/used-cars/faw-v2-2015-for-sale-in-faisalabad-5301258,FAW V2 2015 for sale in Faisalabad
FAW,2018,Petrol,Manual,1300cc,"96,600 km",1290000,https://www.pakwheels.com/used-cars/faw-v2-2018-for-sale-in-islamabad-5300297,FAW V2 2018 for sale in Islamabad
FAW,2016,Petrol,Manual,1300cc,"38,000 km",1300000,https://www.pakwheels.com/used-cars/faw-v2-2016-for-sale-in-karachi-5299825,FAW V2 2016 for sale in Karachi
FAW,2005,Petrol,Manual,1000cc,16 km,580000,https://www.pakwheels.com/used-cars/faw-senya-r7-2005-for-sale-in-chichawatni-5299471,FAW Senya R7  2005 for sale in Chichawatni
FAW,2018,Petrol,Manual,800cc,"65,000 km",1150000,https://www.pakwheels.com/used-cars/faw-besturn-2018-for-sale-in-lala-musa-5298918,FAW Besturn 2018 for sale in Lala musa
FAW,2016,Petrol,Manual,1000cc,"61,500 km",750000,https://www.pakwheels.com/used-cars/faw-x-pv-2016-for-sale-in-mardan-5298681,FAW X-PV 2016 for sale in Mardan
FAW,2015,Petrol,Manual,1300cc,"180,000 km",1270000,https://www.pakwheels.com/used-cars/faw-v2-2015-for-sale-in-peshawar-3051463,FAW V2 2015 for sale in Peshawar
FAW,2018,Petrol,Manual,1300cc,"81,000 km",1325000,https://www.pakwheels.com/used-cars/faw-v2-2018-for-sale-in-rawalpindi-5297983,FAW V2 2018 for sale in Rawalpindi
FAW,2014,Petrol,Manual,1000cc,"153,000 km",640000,https://www.pakwheels.com/used-cars/faw-x-pv-2014-for-sale-in-sargodha-5297942,FAW X-PV 2014 for sale in Sargodha
FAW,2014,Petrol,Manual,1000cc,"857,505 km",720000,https://www.pakwheels.com/used-cars/faw-jiaxing-mini-mpvs-2014-for-sale-in-mandi-bahauddin-5297303,FAW Jiaxing Mini Mpvs 2014 for sale in Mandi bahauddin
FAW,2017,Petrol,Manual,1000cc,"56,000 km",950000,https://www.pakwheels.com/used-cars/faw-x-pv-2017-for-sale-in-lahore-5297687,FAW X-PV 2017 for sale in Lahore
FAW,2014,Petrol,Manual,1000cc,"75,000 km",710000,https://www.pakwheels.com/used-cars/faw-x-pv-2014-for-sale-in-jaranwala-5297248,FAW X-PV 2014 for sale in Jaranwala
FAW,2017,Petrol,Manual,1000cc,"28,000 km",895000,https://www.pakwheels.com/used-cars/faw-carrier-2017-for-sale-in-quetta-5297217,FAW Carrier 2017 for sale in Quetta
FAW,2018,Petrol,Manual,1300cc,"47,000 km",1325000,https://www.pakwheels.com/used-cars/faw-v2-2018-for-sale-in-lahore-5295099,FAW V2 2018 for sale in Lahore
FAW,2015,Petrol,Manual,1300cc,14 km,1100000,https://www.pakwheels.com/used-cars/faw-v2-2015-for-sale-in-bahawalpur-5294990,FAW V2 2015 for sale in Bahawalpur
FAW,2012,Petrol,Manual,1000cc,"49,100 km",950000,https://www.pakwheels.com/used-cars/faw-x-pv-2012-for-sale-in-karachi-4055143,FAW X-PV 2012 for sale in Karachi
FAW,2017,Petrol,Manual,1000cc,"20,591 km",850000,https://www.pakwheels.com/used-cars/faw-carrier-2017-for-sale-in-sara-e-alamgir-4590179,FAW Carrier 2017 for sale in Sara-E-Alamgir
FAW,2016,Petrol,Manual,1000cc,"68,000 km",860000,https://www.pakwheels.com/used-cars/faw-x-pv-2016-for-sale-in-faisalabad-5293273,FAW X-PV 2016 for sale in Faisalabad
FAW,2012,Petrol,Manual,1000cc,"160,000 km",650000,https://www.pakwheels.com/used-cars/faw-x-pv-2012-for-sale-in-gujrat-5293888,FAW X-PV 2012 for sale in Gujrat
FAW,2018,Petrol,Manual,1300cc,"44,500 km",1190000,https://www.pakwheels.com/used-cars/faw-v2-2018-for-sale-in-lahore-5293367,FAW V2 2018 for sale in Lahore
FAW,2006,CNG,Manual,1000cc,"100,000 km",465000,https://www.pakwheels.com/used-cars/faw-carrier-2006-for-sale-in-peshawar-5292751,FAW Carrier 2006 for sale in Peshawar
FAW,2016,Petrol,Manual,1300cc,"120,000 km",1150000,https://www.pakwheels.com/used-cars/faw-v2-2016-for-sale-in-lahore-3575272,FAW V2 2016 for sale in Lahore
FAW,2015,Petrol,Manual,1300cc,"85,000 km",1025000,https://www.pakwheels.com/used-cars/faw-v2-2015-for-sale-in-karachi-5291943,FAW V2 2015 for sale in Karachi
FAW,2015,Petrol,Manual,1000cc,"30,000 km",900000,https://www.pakwheels.com/used-cars/faw-x-pv-2015-for-sale-in-karachi-5291081,FAW X-PV 2015 for sale in Karachi
FAW,2017,Petrol,Manual,1000cc,"59,000 km",870000,https://www.pakwheels.com/used-cars/faw-x-pv-2017-for-sale-in-abbottabad-5290935,FAW X-PV 2017 for sale in Abbottabad
FAW,2015,Petrol,Manual,1300cc,"65,000 km",1030000,https://www.pakwheels.com/used-cars/faw-v2-2015-for-sale-in-lahore-5136158,FAW V2 2015 for sale in Lahore
FAW,2017,Petrol,Manual,1300cc,"39,000 km",1350000,https://www.pakwheels.com/used-cars/faw-v2-2017-for-sale-in-gujrat-4712512,FAW V2 2017 for sale in Gujrat
FAW,2006,CNG,Manual,1000cc,1 km,520000,https://www.pakwheels.com/used-cars/faw-carrier-2006-for-sale-in-islamabad-5290328,FAW Carrier 2006 for sale in Islamabad
FAW,2013,Petrol,Manual,1000cc,"84,000 km",599000,https://www.pakwheels.com/used-cars/faw-x-pv-2013-for-sale-in-sadiqabad-5236207,FAW X-PV 2013 for sale in Sadiqabad
FAW,2019,Petrol,Manual,1000cc,"75,000 km",1050000,https://www.pakwheels.com/used-cars/faw-x-pv-2019-for-sale-in-lahore-4237718,FAW X-PV 2019 for sale in Lahore
FAW,2016,Petrol,Manual,1000cc,16 km,800000,https://www.pakwheels.com/used-cars/faw-x-pv-2016-for-sale-in-wah-cantt-5287596,FAW X-PV 2016 for sale in Wah cantt
FAW,2018,Petrol,Manual,1000cc,"60,000 km",750000,https://www.pakwheels.com/used-cars/faw-carrier-2018-for-sale-in-khanewal-5014792,FAW Carrier 2018 for sale in Khanewal
FAW,2015,Petrol,Manual,1000cc,"9,996 km",670000,https://www.pakwheels.com/used-cars/faw-carrier-2015-for-sale-in-rawalpindi-5284433,FAW Carrier 2015 for sale in Rawalpindi
FAW,2015,Petrol,Manual,1000cc,"160,000 km",600000,https://www.pakwheels.com/used-cars/faw-x-pv-2015-for-sale-in-jhelum-5284125,FAW X-PV 2015 for sale in Jhelum
FAW,2015,Petrol,Manual,1000cc,"73,000 km",1200000,https://www.pakwheels.com/used-cars/faw-x-pv-2015-for-sale-in-islamabad-5283425,FAW X-PV 2015 for sale in Islamabad
FAW,2016,Petrol,Manual,1000cc,"60,000 km",900000,https://www.pakwheels.com/used-cars/faw-x-pv-2016-for-sale-in-islamabad-5282894,FAW X-PV 2016 for sale in Islamabad
FAW,2015,Petrol,Manual,1000cc,"100,000 km",775000,https://www.pakwheels.com/used-cars/faw-x-pv-2015-for-sale-in-sargodha-4637036,FAW X-PV 2015 for sale in Sargodha
FAW,2014,Petrol,Manual,1000cc,"100,000 km",750000,https://www.pakwheels.com/used-cars/faw-x-pv-2014-for-sale-in-islamabad-5282156,FAW X-PV 2014 for sale in Islamabad
FAW,2016,Petrol,Manual,1000cc,"700,000 km",700000,https://www.pakwheels.com/used-cars/faw-carrier-2016-for-sale-in-karachi-5281710,FAW Carrier 2016 for sale in Karachi
FAW,2017,Petrol,Manual,1300cc,"54,000 km",1350000,https://www.pakwheels.com/used-cars/faw-v2-2017-for-sale-in-islamabad-5280692,FAW V2 2017 for sale in Islamabad
FAW,2018,Petrol,Manual,1000cc,"38,000 km",1025000,https://www.pakwheels.com/used-cars/faw-x-pv-2018-for-sale-in-khushab-4235733,FAW X-PV 2018 for sale in Khushab
FAW,2016,Petrol,Manual,1500cc,"240,000 km",1630000,https://www.pakwheels.com/used-cars/faw-sirius-2016-for-sale-in-lahore-5280113,FAW Sirius 2016 for sale in Lahore
FAW,2018,Petrol,Manual,1000cc,"118,000 km",810000,https://www.pakwheels.com/used-cars/faw-x-pv-2018-for-sale-in-lahore-5271339,FAW X-PV 2018 for sale in Lahore
FAW,2021,Petrol,Manual,1300cc,"3,500 km",1699000,https://www.pakwheels.com/used-cars/faw-v2-2021-for-sale-in-faisalabad-5047817,FAW V2 2021 for sale in Faisalabad
FAW,2016,Petrol,Manual,1000cc,"200,000 km",825000,https://www.pakwheels.com/used-cars/faw-carrier-2016-for-sale-in-rawalpindi-5278800,FAW Carrier 2016 for sale in Rawalpindi
FAW,2019,Petrol,Manual,1300cc,"40,000 km",1520000,https://www.pakwheels.com/used-cars/faw-v2-2019-for-sale-in-rawalpindi-5278774,FAW V2 2019 for sale in Rawalpindi
FAW,2018,Petrol,Manual,1300cc,"51,700 km",1200000,https://www.pakwheels.com/used-cars/faw-v2-2018-for-sale-in-hyderabad-5278438,FAW V2 2018 for sale in Hyderabad
FAW,2017,Petrol,Manual,1300cc,"73,000 km",1380000,https://www.pakwheels.com/used-cars/faw-v2-2017-for-sale-in-bahawalpur-5278347,FAW V2 2017 for sale in Bahawalpur
FAW,2017,Petrol,Manual,1300cc,"75,000 km",1085000,https://www.pakwheels.com/used-cars/faw-v2-2017-for-sale-in-lahore-5278294,FAW V2 2017 for sale in Lahore
FAW,2017,Petrol,Manual,1000cc,"40,000 km",750000,https://www.pakwheels.com/used-cars/faw-carrier-2017-for-sale-in-rawalpindi-5278216,FAW Carrier 2017 for sale in Rawalpindi
FAW,2017,Petrol,Manual,1300cc,"62,700 km",1250000,https://www.pakwheels.com/used-cars/faw-v2-2017-for-sale-in-lahore-5277803,FAW V2 2017 for sale in Lahore
FAW,2017,Petrol,Manual,1000cc,"185,000 km",790000,https://www.pakwheels.com/used-cars/faw-x-pv-2017-for-sale-in-lahore-5277734,FAW X-PV 2017 for sale in Lahore
FAW,2013,Petrol,Manual,1000cc,"35,000 km",675000,https://www.pakwheels.com/used-cars/faw-x-pv-2013-for-sale-in-lahore-5275570,FAW X-PV 2013 for sale in Lahore
FAW,2015,Petrol,Manual,1300cc,"77,000 km",1000000,https://www.pakwheels.com/used-cars/faw-v2-2015-for-sale-in-abbottabad-5276379,FAW V2 2015 for sale in Abbottabad
FAW,2020,Petrol,Manual,1000cc,"6,200 km",1300000,https://www.pakwheels.com/used-cars/faw-x-pv-2020-for-sale-in-lahore-5274876,FAW X-PV 2020 for sale in Lahore
FAW,2016,Petrol,Manual,1300cc,"130,000 km",1030000,https://www.pakwheels.com/used-cars/faw-v2-2016-for-sale-in-sadiqabad-5273755,FAW V2 2016 for sale in Sadiqabad
FAW,2014,Petrol,Manual,1000cc,1 km,700000,https://www.pakwheels.com/used-cars/faw-x-pv-2014-for-sale-in-rawalpindi-5273700,FAW X-PV 2014 for sale in Rawalpindi
FAW,2019,Petrol,Manual,1000cc,"13,000 km",1310000,https://www.pakwheels.com/used-cars/faw-x-pv-2019-for-sale-in-faisalabad-5273560,FAW X-PV 2019 for sale in Faisalabad
FAW,2019,Petrol,Manual,1000cc,"65,000 km",1350000,https://www.pakwheels.com/used-cars/faw-x-pv-2019-for-sale-in-rawalpindi-5273238,FAW X-PV 2019 for sale in Rawalpindi
FAW,2013,Petrol,Manual,1000cc,"254,163 km",550000,https://www.pakwheels.com/used-cars/faw-carrier-2013-for-sale-in-mardan-5272952,FAW Carrier 2013 for sale in Mardan
FAW,2015,Petrol,Manual,1300cc,"123,500 km",995000,https://www.pakwheels.com/used-cars/faw-v2-2015-for-sale-in-bahawalpur-5272584,FAW V2 2015 for sale in Bahawalpur
FAW,2018,Petrol,Manual,1000cc,"100,000 km",850000,https://www.pakwheels.com/used-cars/faw-x-pv-2018-for-sale-in-hyderabad-5271721,FAW X-PV 2018 for sale in Hyderabad
FAW,2017,Petrol,Manual,1000cc,"28,000 km",1200000,https://www.pakwheels.com/used-cars/faw-x-pv-2017-for-sale-in-lahore-5271318,FAW X-PV 2017 for sale in Lahore
FAW,2018,Petrol,Manual,1300cc,"92,000 km",1350000,https://www.pakwheels.com/used-cars/faw-v2-2018-for-sale-in-rawalpindi-5238875,FAW V2 2018 for sale in Rawalpindi
FAW,2015,Petrol,Manual,1000cc,"30,400 km",760000,https://www.pakwheels.com/used-cars/faw-carrier-2015-for-sale-in-rawalpindi-5270505,FAW Carrier 2015 for sale in Rawalpindi
FAW,2017,Petrol,Manual,1000cc,"60,000 km",700000,https://www.pakwheels.com/used-cars/faw-carrier-2017-for-sale-in-karachi-4918722,FAW Carrier 2017 for sale in Karachi
FAW,2011,Diesel,Manual,420cc,"100,000 km",3500000,https://www.pakwheels.com/used-cars/faw-carrier-2011-for-sale-in-multan-5269695,FAW Carrier 2011 for sale in Multan
FAW,2015,Petrol,Manual,1300cc,"130,000 km",1200000,https://www.pakwheels.com/used-cars/faw-v2-2015-for-sale-in-sahiwal-5269551,FAW V2 2015 for sale in Sahiwal
FAW,2015,Petrol,Manual,1000cc,"90,451 km",825000,https://www.pakwheels.com/used-cars/faw-x-pv-2015-for-sale-in-lahore-5268219,FAW X-PV 2015 for sale in Lahore
FAW,2018,Petrol,Manual,1000cc,"60,000 km",850000,https://www.pakwheels.com/used-cars/faw-x-pv-2018-for-sale-in-faisalabad-5267141,FAW X-PV 2018 for sale in Faisalabad
FAW,2016,Petrol,Manual,1500cc,"44,000 km",1600000,https://www.pakwheels.com/used-cars/faw-sirius-2016-for-sale-in-rahim-yar-khan-4978332,FAW Sirius 2016 for sale in Rahim Yar Khan
FAW,2016,Petrol,Manual,1300cc,"70,000 km",1200000,https://www.pakwheels.com/used-cars/faw-v2-2016-for-sale-in-rahim-yar-khan-5265799,FAW V2 2016 for sale in Rahim Yar Khan
FAW,2015,Petrol,Manual,1000cc,"20,000 km",640000,https://www.pakwheels.com/used-cars/faw-carrier-2015-for-sale-in-rawalpindi-5260696,FAW Carrier 2015 for sale in Rawalpindi
FAW,2016,Petrol,Manual,1300cc,"60,000 km",1000000,https://www.pakwheels.com/used-cars/faw-v2-2016-for-sale-in-karachi-5262254,FAW V2 2016 for sale in Karachi
FAW,2017,Petrol,Manual,1300cc,"98,000 km",1200000,https://www.pakwheels.com/used-cars/faw-v2-2017-for-sale-in-faisalabad-5262122,FAW V2 2017 for sale in Faisalabad
FAW,2016,Petrol,Manual,1000cc,"60,000 km",720000,https://www.pakwheels.com/used-cars/faw-carrier-2016-for-sale-in-peshawar-5261573,FAW Carrier 2016 for sale in Peshawar
FAW,2017,Petrol,Manual,1000cc,"180,000 km",850000,https://www.pakwheels.com/used-cars/faw-x-pv-2017-for-sale-in-lahore-5260518,FAW X-PV 2017 for sale in Lahore
FAW,2018,Petrol,Manual,1300cc,"67,297 km",1300000,https://www.pakwheels.com/used-cars/faw-v2-2018-for-sale-in-islamabad-5256248,FAW V2 2018 for sale in Islamabad
FAW,2016,Petrol,Manual,1000cc,"170,000 km",750000,https://www.pakwheels.com/used-cars/faw-x-pv-2016-for-sale-in-gojra-5259027,FAW X-PV 2016 for sale in Gojra
FAW,2016,Petrol,Manual,1300cc,"40,000 km",1200000,https://www.pakwheels.com/used-cars/faw-v2-2016-for-sale-in-malakwal-5258755,FAW V2 2016 for sale in Malakwal
FAW,2017,Petrol,Manual,1000cc,"47,500 km",900000,https://www.pakwheels.com/used-cars/faw-x-pv-2017-for-sale-in-lahore-5258683,FAW X-PV 2017 for sale in Lahore
FAW,2017,Petrol,Manual,1000cc,"13,975 km",950000,https://www.pakwheels.com/used-cars/faw-x-pv-2017-for-sale-in-peshawar-5258609,FAW X-PV 2017 for sale in Peshawar
FAW,2018,Petrol,Manual,1300cc,"90,000 km",1230000,https://www.pakwheels.com/used-cars/faw-v2-2018-for-sale-in-karachi-5257169,FAW V2 2018 for sale in Karachi
FAW,2017,Petrol,Manual,1000cc,"150,000 km",850000,https://www.pakwheels.com/used-cars/faw-carrier-2017-for-sale-in-lahore-5256756,FAW Carrier 2017 for sale in Lahore
FAW,2015,Petrol,Manual,1000cc,"1,516 km",625000,https://www.pakwheels.com/used-cars/faw-x-pv-2015-for-sale-in-lahore-5256322,FAW X-PV 2015 for sale in Lahore
FAW,2017,Petrol,Manual,1000cc,"42,500 km",1000000,https://www.pakwheels.com/used-cars/faw-x-pv-2017-for-sale-in-hyderabad-5256131,FAW X-PV 2017 for sale in Hyderabad
FAW,2014,Petrol,Manual,1000cc,"125,009 km",650000,https://www.pakwheels.com/used-cars/faw-carrier-2014-for-sale-in-sialkot-5255402,FAW Carrier 2014 for sale in Sialkot
FAW,2014,Petrol,Manual,1000cc,"145,609 km",615000,https://www.pakwheels.com/used-cars/faw-carrier-2014-for-sale-in-sialkot-5255484,FAW Carrier 2014 for sale in Sialkot
FAW,2016,Petrol,Manual,1000cc,"111,000 km",650000,https://www.pakwheels.com/used-cars/faw-x-pv-2016-for-sale-in-karachi-5254689,FAW X-PV 2016 for sale in Karachi
FAW,2016,Petrol,Manual,1000cc,"100,000 km",600000,https://www.pakwheels.com/used-cars/faw-x-pv-2016-for-sale-in-attock-5254466,FAW X-PV 2016 for sale in Attock
FAW,2016,Petrol,Manual,1000cc,"200,000 km",800000,https://www.pakwheels.com/used-cars/faw-x-pv-2016-for-sale-in-bahawalnagar-5254383,FAW X-PV 2016 for sale in Bahawalnagar
FAW,2018,Petrol,Manual,1000cc,"100,000 km",1050000,https://www.pakwheels.com/used-cars/faw-x-pv-2018-for-sale-in-wazirabad-5254271,FAW X-PV 2018 for sale in Wazirabad
FAW,2015,Petrol,Manual,1000cc,"110,000 km",785000,https://www.pakwheels.com/used-cars/faw-carrier-2015-for-sale-in-islamabad-5253022,FAW Carrier 2015 for sale in Islamabad
FAW,2017,Petrol,Manual,1300cc,"44,000 km",1375000,https://www.pakwheels.com/used-cars/faw-v2-2017-for-sale-in-karachi-5252638,FAW V2 2017 for sale in Karachi
FAW,2016,Petrol,Manual,1300cc,"68,500 km",1350000,https://www.pakwheels.com/used-cars/faw-v2-2016-for-sale-in-islamabad-5252511,FAW V2 2016 for sale in Islamabad
FAW,2018,Petrol,Manual,1000cc,"62,000 km",800000,https://www.pakwheels.com/used-cars/faw-x-pv-2018-for-sale-in-lahore-5252280,FAW X-PV 2018 for sale in Lahore
FAW,2019,Petrol,Manual,1000cc,"45,000 km",1350000,https://www.pakwheels.com/used-cars/faw-x-pv-2019-for-sale-in-khanewal-5252147,FAW X-PV 2019 for sale in Khanewal
FAW,2018,Petrol,Manual,1300cc,"65,000 km",1185000,https://www.pakwheels.com/used-cars/faw-v2-2018-for-sale-in-multan-5251950,FAW V2 2018 for sale in Multan
FAW,2017,Petrol,Manual,1300cc,"77,000 km",1200000,https://www.pakwheels.com/used-cars/faw-v2-2017-for-sale-in-bhalwal-5251173,FAW V2 2017 for sale in Bhalwal
FAW,2018,Petrol,Manual,1000cc,"13,000 km",880000,https://www.pakwheels.com/used-cars/faw-x-pv-2018-for-sale-in-karachi-5251164,FAW X-PV 2018 for sale in Karachi
FAW,2013,Petrol,Manual,1000cc,"100,000 km",600000,https://www.pakwheels.com/used-cars/faw-x-pv-2013-for-sale-in-faisalabad-5249235,FAW X-PV 2013 for sale in Faisalabad
FAW,2013,Petrol,Manual,1000cc,"100,000 km",600000,https://www.pakwheels.com/used-cars/faw-x-pv-2013-for-sale-in-faisalabad-5249266,FAW X-PV 2013 for sale in Faisalabad
FAW,2015,Petrol,Manual,1300cc,"80,500 km",985000,https://www.pakwheels.com/used-cars/faw-v2-2015-for-sale-in-pak-pattan-sharif-5248246,FAW V2 2015 for sale in Pak pattan sharif
FAW,2014,Petrol,Manual,1000cc,"72,000 km",760000,https://www.pakwheels.com/used-cars/faw-x-pv-2014-for-sale-in-sahiwal-5246588,FAW X-PV 2014 for sale in Sahiwal
FAW,2020,Petrol,Manual,1000cc,"40,000 km",1100000,https://www.pakwheels.com/used-cars/faw-carrier-2020-for-sale-in-rawalpindi-5246506,FAW Carrier 2020 for sale in Rawalpindi
FAW,2016,Petrol,Manual,1000cc,"161,000 km",850000,https://www.pakwheels.com/used-cars/faw-x-pv-2016-for-sale-in-quaid-abad-5246050,FAW X-PV 2016 for sale in Quaid Abad
FAW,2013,Petrol,Manual,1000cc,"100,000 km",550000,https://www.pakwheels.com/used-cars/faw-carrier-2013-for-sale-in-faisalabad-5245638,FAW Carrier 2013 for sale in Faisalabad
FAW,2017,Petrol,Manual,1000cc,"143,000 km",850000,https://www.pakwheels.com/used-cars/faw-x-pv-2017-for-sale-in-chiniot-5244368,FAW X-PV 2017 for sale in Chiniot
FAW,2018,Petrol,Manual,1000cc,"13,000 km",895000,https://www.pakwheels.com/used-cars/faw-x-pv-2018-for-sale-in-karachi-5243918,FAW X-PV 2018 for sale in Karachi
FAW,2015,Petrol,Manual,1000cc,"180,000 km",720000,https://www.pakwheels.com/used-cars/faw-x-pv-2015-for-sale-in-shahdara-5242721,FAW X-PV 2015 for sale in Shahdara
FAW,2017,Petrol,Manual,1000cc,"24,800 km",775000,https://www.pakwheels.com/used-cars/faw-carrier-2017-for-sale-in-lahore-5241979,FAW Carrier 2017 for sale in Lahore
FAW,2016,Petrol,Manual,1000cc,"100,000 km",775000,https://www.pakwheels.com/used-cars/faw-x-pv-2016-for-sale-in-lahore-5240290,FAW X-PV 2016 for sale in Lahore
FAW,2018,Petrol,Manual,1300cc,"62,133 km",1100000,https://www.pakwheels.com/used-cars/faw-v2-2018-for-sale-in-karachi-5240275,FAW V2 2018 for sale in Karachi
FAW,2016,Petrol,Manual,1000cc,"150,000 km",795000,https://www.pakwheels.com/used-cars/faw-x-pv-2016-for-sale-in-kot-addu-5240029,FAW X-PV 2016 for sale in Kot addu
FAW,2018,Petrol,Manual,1300cc,"60,000 km",1275000,https://www.pakwheels.com/used-cars/faw-v2-2018-for-sale-in-lahore-5239099,FAW V2 2018 for sale in Lahore
FAW,2015,Petrol,Manual,1300cc,"53,000 km",1100000,https://www.pakwheels.com/used-cars/faw-v2-2015-for-sale-in-bahawalpur-5237994,FAW V2 2015 for sale in Bahawalpur
FAW,2016,Petrol,Manual,1300cc,"69,000 km",1150000,https://www.pakwheels.com/used-cars/faw-v2-2016-for-sale-in-karachi-5236582,FAW V2 2016 for sale in Karachi
FAW,2017,Petrol,Manual,1300cc,"15,000 km",1330000,https://www.pakwheels.com/used-cars/faw-v2-2017-for-sale-in-rawalpindi-5236231,FAW V2 2017 for sale in Rawalpindi
FAW,2017,Petrol,Manual,1300cc,"60,000 km",1150000,https://www.pakwheels.com/used-cars/faw-v2-2017-for-sale-in-faisalabad-5235989,FAW V2 2017 for sale in Faisalabad
FAW,2014,Petrol,Manual,1300cc,"204,000 km",1300000,https://www.pakwheels.com/used-cars/faw-sirius-2014-for-sale-in-hafizabad-4579935,FAW Sirius 2014 for sale in Hafizabad
FAW,2017,Petrol,Manual,1000cc,"69,000 km",800000,https://www.pakwheels.com/used-cars/faw-x-pv-2017-for-sale-in-lahore-5234849,FAW X-PV 2017 for sale in Lahore
FAW,2017,Petrol,Manual,1000cc,"50,000 km",825000,https://www.pakwheels.com/used-cars/faw-x-pv-2017-for-sale-in-lahore-5234677,FAW X-PV 2017 for sale in Lahore
FAW,2015,Petrol,Manual,1300cc,"135,000 km",1100000,https://www.pakwheels.com/used-cars/faw-v2-2015-for-sale-in-islamabad-5233755,FAW V2 2015 for sale in Islamabad
FAW,2018,Petrol,Manual,1300cc,"70,000 km",1300000,https://www.pakwheels.com/used-cars/faw-v2-2018-for-sale-in-rahim-yar-khan-5233697,FAW V2 2018 for sale in Rahim Yar Khan
FAW,2018,Petrol,Manual,1000cc,"60,000 km",990000,https://www.pakwheels.com/used-cars/faw-x-pv-2018-for-sale-in-hafizabad-4863822,FAW X-PV 2018 for sale in Hafizabad
FAW,2018,Petrol,Manual,1300cc,"55,000 km",1325000,https://www.pakwheels.com/used-cars/faw-v2-2018-for-sale-in-dgkhan-5231626,FAW V2 2018 for sale in D.G.Khan
FAW,2018,Petrol,Manual,1300cc,"42,500 km",1430000,https://www.pakwheels.com/used-cars/faw-v2-2018-for-sale-in-islamabad-5231482,FAW V2 2018 for sale in Islamabad
FAW,2018,Petrol,Manual,1000cc,"91,000 km",865000,https://www.pakwheels.com/used-cars/faw-x-pv-2018-for-sale-in-faisalabad-5229965,FAW X-PV 2018 for sale in Faisalabad
FAW,2017,Petrol,Manual,1300cc,"64,000 km",1200000,https://www.pakwheels.com/used-cars/faw-v2-2017-for-sale-in-bahawalpur-5229908,FAW V2 2017 for sale in Bahawalpur
FAW,2016,Petrol,Manual,1000cc,"95,431 km",850000,https://www.pakwheels.com/used-cars/faw-x-pv-2016-for-sale-in-haripur-5229073,FAW X-PV 2016 for sale in Haripur
FAW,2016,Petrol,Manual,1300cc,"83,000 km",1350000,https://www.pakwheels.com/used-cars/faw-v2-2016-for-sale-in-lahore-5228715,FAW V2 2016 for sale in Lahore
FAW,2019,Petrol,Manual,1000cc,"60,000 km",1000000,https://www.pakwheels.com/used-cars/faw-x-pv-2019-for-sale-in-islamabad-5228294,FAW X-PV 2019 for sale in Islamabad
FAW,2014,Petrol,Manual,1000cc,"100,000 km",700000,https://www.pakwheels.com/used-cars/faw-x-pv-2014-for-sale-in-faisalabad-5226895,FAW X-PV 2014 for sale in Faisalabad
FAW,2018,Petrol,Manual,1000cc,"45,130 km",1025000,https://www.pakwheels.com/used-cars/faw-x-pv-2018-for-sale-in-rawalpindi-5226701,FAW X-PV 2018 for sale in Rawalpindi
FAW,2018,Petrol,Manual,1300cc,"110,000 km",1400000,https://www.pakwheels.com/used-cars/faw-v2-2018-for-sale-in-lahore-5224625,FAW V2 2018 for sale in Lahore
FAW,2018,Petrol,Manual,1300cc,"74,000 km",1250000,https://www.pakwheels.com/used-cars/faw-v2-2018-for-sale-in-lahore-5224558,FAW V2 2018 for sale in Lahore
FAW,2015,Petrol,Manual,1000cc,"172,000 km",725000,https://www.pakwheels.com/used-cars/faw-x-pv-2015-for-sale-in-lahore-5224276,FAW X-PV 2015 for sale in Lahore
FAW,2018,Petrol,Manual,1000cc,"63,000 km",945000,https://www.pakwheels.com/used-cars/faw-x-pv-2018-for-sale-in-narowal-5221962,FAW X-PV 2018 for sale in Narowal
FAW,2016,Petrol,Manual,1000cc,"150,000 km",745000,https://www.pakwheels.com/used-cars/faw-carrier-2016-for-sale-in-islamabad-5220405,FAW Carrier 2016 for sale in Islamabad
FAW,2017,Petrol,Manual,1000cc,"57,000 km",700000,https://www.pakwheels.com/used-cars/faw-carrier-2017-for-sale-in-lahore-5220240,FAW Carrier 2017 for sale in Lahore
FAW,2017,Petrol,Manual,1300cc,"46,000 km",1200000,https://www.pakwheels.com/used-cars/faw-v2-2017-for-sale-in-karachi-5219174,FAW V2 2017 for sale in Karachi
FAW,2016,Petrol,Manual,1000cc,"190,000 km",700000,https://www.pakwheels.com/used-cars/faw-x-pv-2016-for-sale-in-jhelum-5218733,FAW X-PV 2016 for sale in Jhelum
FAW,2013,Petrol,Manual,1300cc,"90,000 km",1790000,https://www.pakwheels.com/used-cars/faw-sirius-2013-for-sale-in-islamabad-5218330,FAW Sirius 2013 for sale in Islamabad
FAW,2018,Petrol,Manual,1000cc,"65,345 km",965000,https://www.pakwheels.com/used-cars/faw-x-pv-2018-for-sale-in-lahore-5218285,FAW X-PV 2018 for sale in Lahore
FAW,2014,Petrol,Manual,1000cc,"73,000 km",750000,https://www.pakwheels.com/used-cars/faw-carrier-2014-for-sale-in-rawalpindi-5218128,FAW Carrier 2014 for sale in Rawalpindi
FAW,2017,Petrol,Manual,1000cc,1 km,800000,https://www.pakwheels.com/used-cars/faw-x-pv-2017-for-sale-in-lahore-5217350,FAW X-PV 2017 for sale in Lahore
FAW,2016,Petrol,Manual,1300cc,"62,000 km",1220000,https://www.pakwheels.com/used-cars/faw-v2-2016-for-sale-in-mandi-bahauddin-5216700,FAW V2 2016 for sale in Mandi bahauddin
FAW,2018,Petrol,Manual,1300cc,"22,500 km",1340000,https://www.pakwheels.com/used-cars/faw-v2-2018-for-sale-in-islamabad-5215775,FAW V2 2018 for sale in Islamabad
FAW,2015,Petrol,Manual,1000cc,"108,000 km",750000,https://www.pakwheels.com/used-cars/faw-x-pv-2015-for-sale-in-kharian-5215125,FAW X-PV 2015 for sale in Kharian
FAW,2019,Petrol,Manual,1300cc,"33,000 km",1525000,https://www.pakwheels.com/used-cars/faw-v2-2019-for-sale-in-khushab-4676177,FAW V2 2019 for sale in Khushab
FAW,2019,Petrol,Manual,1000cc,"100,000 km",1300000,https://www.pakwheels.com/used-cars/faw-x-pv-2019-for-sale-in-islamabad-5214931,FAW X-PV 2019 for sale in Islamabad
FAW,2020,Petrol,Manual,1300cc,"5,999 km",1675000,https://www.pakwheels.com/used-cars/faw-v2-2020-for-sale-in-faisalabad-5213500,FAW V2 2020 for sale in Faisalabad
FAW,2016,Petrol,Manual,1000cc,"123,000 km",820000,https://www.pakwheels.com/used-cars/faw-x-pv-2016-for-sale-in-arifwala-4919236,FAW X-PV 2016 for sale in Arifwala
FAW,2017,Petrol,Manual,1000cc,"66,260 km",815000,https://www.pakwheels.com/used-cars/faw-x-pv-2017-for-sale-in-lahore-5212419,FAW X-PV 2017 for sale in Lahore
FAW,2017,Petrol,Manual,1000cc,"80,000 km",675000,https://www.pakwheels.com/used-cars/faw-x-pv-2017-for-sale-in-lahore-5212346,FAW X-PV 2017 for sale in Lahore
FAW,2017,Petrol,Manual,1000cc,"70,000 km",775000,https://www.pakwheels.com/used-cars/faw-x-pv-2017-for-sale-in-lahore-5212288,FAW X-PV 2017 for sale in Lahore
FAW,2017,Petrol,Manual,1300cc,"56,000 km",1400000,https://www.pakwheels.com/used-cars/faw-v2-2017-for-sale-in-mirpur-ak-5207729,FAW V2 2017 for sale in Mirpur A.K.
FAW,2021,Petrol,Manual,1000cc,500 km,1400000,https://www.pakwheels.com/used-cars/faw-x-pv-2021-for-sale-in-islamabad-5210109,FAW X-PV 2021 for sale in Islamabad
FAW,2019,Petrol,Manual,1300cc,"21,000 km",1480000,https://www.pakwheels.com/used-cars/faw-v2-2019-for-sale-in-wah-cantt-5208466,FAW V2 2019 for sale in Wah cantt
FAW,2017,Petrol,Manual,1300cc,"87,000 km",1120000,https://www.pakwheels.com/used-cars/faw-v2-2017-for-sale-in-multan-5208240,FAW V2 2017 for sale in Multan
FAW,2019,Petrol,Manual,1300cc,"41,000 km",1495000,https://www.pakwheels.com/used-cars/faw-v2-2019-for-sale-in-multan-5207273,FAW V2 2019 for sale in Multan
FAW,2014,Petrol,Manual,1300cc,"70,000 km",1300000,https://www.pakwheels.com/used-cars/faw-sirius-2014-for-sale-in-daharki-5205748,FAW Sirius 2014 for sale in Daharki
FAW,2014,Petrol,Manual,1000cc,"140,000 km",700000,https://www.pakwheels.com/used-cars/faw-x-pv-2014-for-sale-in-sawabi-4915213,FAW X-PV 2014 for sale in Sawabi
FAW,2018,Petrol,Manual,1300cc,"65,000 km",1400000,https://www.pakwheels.com/used-cars/faw-v2-2018-for-sale-in-islamabad-5203902,FAW V2 2018 for sale in Islamabad
FAW,2015,Petrol,Manual,1000cc,"100,000 km",625000,https://www.pakwheels.com/used-cars/faw-carrier-2015-for-sale-in-lahore-5203417,FAW Carrier 2015 for sale in Lahore
FAW,2014,Petrol,Manual,1000cc,162 km,675000,https://www.pakwheels.com/used-cars/faw-x-pv-2014-for-sale-in-lahore-5202777,FAW X-PV 2014 for sale in Lahore
FAW,2019,Petrol,Manual,1000cc,"43,623 km",1190000,https://www.pakwheels.com/used-cars/faw-x-pv-2019-for-sale-in-rawalpindi-4908367,FAW X-PV 2019 for sale in Rawalpindi
FAW,2019,Petrol,Manual,1000cc,"43,623 km",1190000,https://www.pakwheels.com/used-cars/faw-x-pv-2019-for-sale-in-islamabad-4908577,FAW X-PV 2019 for sale in Islamabad
FAW,2020,Petrol,Manual,1000cc,"5,000 km",1300000,https://www.pakwheels.com/used-cars/faw-x-pv-2020-for-sale-in-lahore-5200005,FAW X-PV 2020 for sale in Lahore
FAW,2016,Petrol,Manual,1300cc,"77,000 km",1065000,https://www.pakwheels.com/used-cars/faw-v2-2016-for-sale-in-multan-5199359,FAW V2 2016 for sale in Multan
FAW,2018,Petrol,Manual,1300cc,"25,000 km",1480000,https://www.pakwheels.com/used-cars/faw-v2-2018-for-sale-in-karachi-5199284,FAW V2 2018 for sale in Karachi
FAW,2015,Petrol,Manual,1000cc,"60,045 km",820000,https://www.pakwheels.com/used-cars/faw-carrier-2015-for-sale-in-rawalpindi-5199122,FAW Carrier 2015 for sale in Rawalpindi
FAW,2019,Petrol,Manual,1300cc,"37,000 km",1325000,https://www.pakwheels.com/used-cars/faw-v2-2019-for-sale-in-karachi-5198731,FAW V2 2019 for sale in Karachi
FAW,2017,Petrol,Manual,1000cc,"40,500 km",900000,https://www.pakwheels.com/used-cars/faw-x-pv-2017-for-sale-in-lahore-5198712,FAW X-PV 2017 for sale in Lahore
FAW,2018,Petrol,Manual,1000cc,"22,500 km",1000000,https://www.pakwheels.com/used-cars/faw-x-pv-2018-for-sale-in-karachi-4846394,FAW X-PV 2018 for sale in Karachi
FAW,2018,Petrol,Manual,1300cc,"90,000 km",1395000,https://www.pakwheels.com/used-cars/faw-v2-2018-for-sale-in-lahore-4925386,FAW V2 2018 for sale in Lahore
FAW,2015,Petrol,Manual,1000cc,"68,000 km",900000,https://www.pakwheels.com/used-cars/faw-x-pv-2015-for-sale-in-peshawar-5198222,FAW X-PV 2015 for sale in Peshawar
FAW,2014,Petrol,Manual,1000cc,"50,000 km",700000,https://www.pakwheels.com/used-cars/faw-x-pv-2014-for-sale-in-lahore-5196879,FAW X-PV 2014 for sale in Lahore
FAW,2017,Petrol,Manual,1000cc,"37,850 km",1150000,https://www.pakwheels.com/used-cars/faw-x-pv-2017-for-sale-in-islamabad-5195386,FAW X-PV 2017 for sale in Islamabad
FAW,2021,Petrol,Manual,1000cc,16 km,1044000,https://www.pakwheels.com/used-cars/faw-carrier-2021-for-sale-in-multan-4904357,FAW Carrier 2021 for sale in Multan
FAW,2016,Petrol,Manual,1000cc,"100,000 km",780000,https://www.pakwheels.com/used-cars/faw-x-pv-2016-for-sale-in-pind-dadan-khan-5192287,FAW X-PV 2016 for sale in Pind Dadan Khan
FAW,2018,Petrol,Manual,1300cc,"100,500 km",1300000,https://www.pakwheels.com/used-cars/faw-v2-2018-for-sale-in-multan-5191802,FAW V2 2018 for sale in Multan
FAW,2016,Petrol,Manual,1000cc,"121,315 km",650000,https://www.pakwheels.com/used-cars/faw-carrier-2016-for-sale-in-rawalpindi-5191665,FAW Carrier 2016 for sale in Rawalpindi
FAW,2015,Petrol,Manual,1300cc,"49,000 km",1080000,https://www.pakwheels.com/used-cars/faw-v2-2015-for-sale-in-faisalabad-5189004,FAW V2 2015 for sale in Faisalabad
FAW,2018,Petrol,Manual,1300cc,"21,800 km",1440000,https://www.pakwheels.com/used-cars/faw-v2-2018-for-sale-in-lahore-4883443,FAW V2 2018 for sale in Lahore
FAW,2020,Petrol,Manual,1300cc,"26,000 km",1390000,https://www.pakwheels.com/used-cars/faw-v2-2020-for-sale-in-mirpur-khas-5188317,FAW V2 2020 for sale in Mirpur khas
FAW,2019,Petrol,Manual,1000cc,"2,330 km",1040000,https://www.pakwheels.com/used-cars/faw-x-pv-2019-for-sale-in-karachi-5172746,FAW X-PV 2019 for sale in Karachi
FAW,2021,Petrol,Manual,1000cc,1 km,1100000,https://www.pakwheels.com/used-cars/faw-x-pv-2021-for-sale-in-karachi-5187333,FAW X-PV 2021 for sale in Karachi
FAW,2016,Petrol,Manual,1000cc,"10,000 km",630000,https://www.pakwheels.com/used-cars/faw-carrier-2016-for-sale-in-lahore-5004245,FAW Carrier 2016 for sale in Lahore
FAW,2018,Petrol,Manual,1300cc,"80,000 km",1180000,https://www.pakwheels.com/used-cars/faw-v2-2018-for-sale-in-bahawalpur-5185299,FAW V2 2018 for sale in Bahawalpur
FAW,2017,Petrol,Manual,1300cc,"29,500 km",1400000,https://www.pakwheels.com/used-cars/faw-v2-2017-for-sale-in-hyderabad-4418338,FAW V2 2017 for sale in Hyderabad
FAW,2017,Petrol,Manual,1000cc,"46,000 km",900000,https://www.pakwheels.com/used-cars/faw-x-pv-2017-for-sale-in-peshawar-5184742,FAW X-PV 2017 for sale in Peshawar
FAW,2017,Petrol,Manual,1000cc,"4,038 km",1100000,https://www.pakwheels.com/used-cars/faw-x-pv-2017-for-sale-in-islamabad-5183829,FAW X-PV 2017 for sale in Islamabad
FAW,2018,Petrol,Manual,1000cc,"120,000 km",825000,https://www.pakwheels.com/used-cars/faw-x-pv-2018-for-sale-in-lahore-5183632,FAW X-PV 2018 for sale in Lahore
FAW,2018,Petrol,Manual,1300cc,"60,000 km",1340000,https://www.pakwheels.com/used-cars/faw-v2-2018-for-sale-in-lahore-4856139,FAW V2 2018 for sale in Lahore
FAW,2015,Petrol,Manual,1000cc,"100,000 km",610000,https://www.pakwheels.com/used-cars/faw-carrier-2015-for-sale-in-jaranwala-5178414,FAW Carrier 2015 for sale in Jaranwala
FAW,2018,Petrol,Manual,1000cc,"20,000 km",980000,https://www.pakwheels.com/used-cars/faw-x-pv-2018-for-sale-in-multan-4819704,FAW X-PV 2018 for sale in Multan
FAW,2020,Petrol,Manual,1000cc,"46,500 km",1200000,https://www.pakwheels.com/used-cars/faw-carrier-2020-for-sale-in-kotla-arab-ali-khan-5179792,FAW Carrier 2020 for sale in Kotla arab ali khan
FAW,2021,Petrol,Manual,1000cc,"11,000 km",1150000,https://www.pakwheels.com/used-cars/faw-carrier-2021-for-sale-in-phalia-5178708,FAW Carrier 2021 for sale in Phalia
FAW,2016,Petrol,Manual,1000cc,"82,000 km",670000,https://www.pakwheels.com/used-cars/faw-carrier-2016-for-sale-in-lahore-5178181,FAW Carrier 2016 for sale in Lahore
FAW,2019,Petrol,Manual,1000cc,"60,400 km",1165000,https://www.pakwheels.com/used-cars/faw-x-pv-2019-for-sale-in-lahore-5176991,FAW X-PV 2019 for sale in Lahore
FAW,2015,Petrol,Manual,1000cc,"85,000 km",1000000,https://www.pakwheels.com/used-cars/faw-x-pv-2015-for-sale-in-abottabad-5176964,FAW X-PV 2015 for sale in Abottabad
FAW,2018,Petrol,Manual,1300cc,"130,000 km",1425000,https://www.pakwheels.com/used-cars/faw-v2-2018-for-sale-in-islamabad-5176179,FAW V2 2018 for sale in Islamabad
FAW,2015,Petrol,Manual,1000cc,"20,000 km",610000,https://www.pakwheels.com/used-cars/faw-carrier-2015-for-sale-in-jaranwala-5175558,FAW Carrier 2015 for sale in Jaranwala
FAW,2016,Petrol,Manual,1000cc,"95,000 km",750000,https://www.pakwheels.com/used-cars/faw-x-pv-2016-for-sale-in-abdul-hakeem-5175567,FAW X-PV 2016 for sale in Abdul Hakeem
FAW,2018,Petrol,Manual,1000cc,"40,000 km",950000,https://www.pakwheels.com/used-cars/faw-x-pv-2018-for-sale-in-multan-5174831,FAW X-PV 2018 for sale in Multan
FAW,2018,Petrol,Manual,1100cc,"77,000 km",1225599,https://www.pakwheels.com/used-cars/faw-v2-2018-for-sale-in-layyah-5174409,FAW V2 2018 for sale in Layyah
FAW,2018,Petrol,Manual,1300cc,"30,000 km",1500000,https://www.pakwheels.com/used-cars/faw-v2-2018-for-sale-in-lahore-5172748,FAW V2 2018 for sale in Lahore
FAW,2015,Petrol,Manual,1000cc,"100,000 km",620000,https://www.pakwheels.com/used-cars/faw-carrier-2015-for-sale-in-depal-pur-5172314,FAW Carrier 2015 for sale in Depal pur
FAW,2015,Petrol,Manual,1000cc,"95,000 km",920000,https://www.pakwheels.com/used-cars/faw-x-pv-2015-for-sale-in-okara-4294710,FAW X-PV 2015 for sale in Okara
FAW,2018,Petrol,Manual,1300cc,"51,000 km",1400000,https://www.pakwheels.com/used-cars/faw-v2-2018-for-sale-in-hari-pur-5170049,FAW V2 2018 for sale in Hari pur
FAW,2017,Petrol,Manual,1000cc,"78,000 km",825000,https://www.pakwheels.com/used-cars/faw-carrier-2017-for-sale-in-mansahra-5169206,FAW Carrier 2017 for sale in Mansahra
FAW,2015,Petrol,Manual,1300cc,"115,000 km",1100000,https://www.pakwheels.com/used-cars/faw-v2-2015-for-sale-in-karachi-5169004,FAW V2 2015 for sale in Karachi
FAW,2017,Petrol,Manual,800cc,"70,000 km",735000,https://www.pakwheels.com/used-cars/faw-x-pv-2017-for-sale-in-lahore-5167985,FAW X-PV 2017 for sale in Lahore
FAW,2016,Petrol,Manual,1000cc,"65,800 km",1050000,https://www.pakwheels.com/used-cars/faw-x-pv-2016-for-sale-in-abottabad-5166788,FAW X-PV 2016 for sale in Abottabad
FAW,2018,Petrol,Manual,1300cc,"64,000 km",1175000,https://www.pakwheels.com/used-cars/faw-v2-2018-for-sale-in-karachi-5166105,FAW V2 2018 for sale in Karachi
FAW,2018,Petrol,Manual,1300cc,"50,000 km",1400000,https://www.pakwheels.com/used-cars/faw-v2-2018-for-sale-in-muzaffarabad-5165312,FAW V2 2018 for sale in Muzaffarabad
FAW,2017,Petrol,Manual,1300cc,"82,000 km",1200000,https://www.pakwheels.com/used-cars/faw-v2-2017-for-sale-in-karachi-5163875,FAW V2 2017 for sale in Karachi
FAW,2017,Petrol,Manual,1300cc,"42,000 km",1250000,https://www.pakwheels.com/used-cars/faw-v2-2017-for-sale-in-faisalabad-5163640,FAW V2 2017 for sale in Faisalabad
FAW,2015,Petrol,Manual,1000cc,"98,000 km",650000,https://www.pakwheels.com/used-cars/faw-carrier-2015-for-sale-in-daska-5162260,FAW Carrier 2015 for sale in Daska
FAW,2017,Petrol,Manual,1000cc,"112,000 km",950000,https://www.pakwheels.com/used-cars/faw-x-pv-2017-for-sale-in-rawalpindi-5160941,FAW X-PV 2017 for sale in Rawalpindi
FAW,2015,Petrol,Manual,1000cc,"61,000 km",590000,https://www.pakwheels.com/used-cars/faw-carrier-2015-for-sale-in-topi-5159017,FAW Carrier 2015 for sale in Topi
FAW,2018,Petrol,Manual,1000cc,"65,000 km",900000,https://www.pakwheels.com/used-cars/faw-carrier-2018-for-sale-in-chichawatni-5157613,FAW Carrier 2018 for sale in Chichawatni
FAW,2021,Petrol,Manual,1000cc,"11,000 km",1230000,https://www.pakwheels.com/used-cars/faw-carrier-2021-for-sale-in-lahore-5156325,FAW Carrier 2021 for sale in Lahore
FAW,2018,Petrol,Manual,1300cc,"65,000 km",1350000,https://www.pakwheels.com/used-cars/faw-v2-2018-for-sale-in-rawalpindi-5155222,FAW V2 2018 for sale in Rawalpindi
FAW,2018,Petrol,Manual,1300cc,"55,000 km",1400000,https://www.pakwheels.com/used-cars/faw-v2-2018-for-sale-in-talagang-5155001,FAW V2 2018 for sale in Talagang
FAW,2021,Petrol,Manual,1300cc,"2,500 km",1670000,https://www.pakwheels.com/used-cars/faw-v2-2021-for-sale-in-karachi-5154814,FAW V2 2021 for sale in Karachi
FAW,2018,Petrol,Manual,1300cc,"54,000 km",1150000,https://www.pakwheels.com/used-cars/faw-v2-2018-for-sale-in-talagang-5154393,FAW V2 2018 for sale in Talagang
FAW,2016,Petrol,Manual,1000cc,"31,593 km",930000,https://www.pakwheels.com/used-cars/faw-x-pv-2016-for-sale-in-rawalpindi-5153810,FAW X-PV 2016 for sale in Rawalpindi
FAW,2016,Petrol,Manual,1000cc,"93,000 km",830000,https://www.pakwheels.com/used-cars/faw-x-pv-2016-for-sale-in-phalia-5153782,FAW X-PV 2016 for sale in Phalia
FAW,2017,Petrol,Manual,1000cc,"44,000 km",950000,https://www.pakwheels.com/used-cars/faw-x-pv-2017-for-sale-in-multan-5152551,FAW X-PV 2017 for sale in Multan
FAW,2017,Petrol,Manual,1300cc,"24,500 km",1300000,https://www.pakwheels.com/used-cars/faw-v2-2017-for-sale-in-peshawar-5152505,FAW V2 2017 for sale in Peshawar
FAW,2016,Petrol,Manual,1300cc,"65,000 km",1350000,https://www.pakwheels.com/used-cars/faw-v2-2016-for-sale-in-shaikhupura-5152352,FAW V2 2016 for sale in Shaikhupura
FAW,2017,Petrol,Manual,1000cc,"61,000 km",890000,https://www.pakwheels.com/used-cars/faw-x-pv-2017-for-sale-in-karachi-5150893,FAW X-PV 2017 for sale in Karachi
FAW,2017,Petrol,Manual,1000cc,"23,800 km",710000,https://www.pakwheels.com/used-cars/faw-carrier-2017-for-sale-in-abottabad-5150019,FAW Carrier 2017 for sale in Abottabad
FAW,2017,Petrol,Automatic,1000cc,"110,000 km",910000,https://www.pakwheels.com/used-cars/faw-x-pv-2017-for-sale-in-peshawar-4760855,FAW X-PV 2017 for sale in Peshawar
FAW,2015,Petrol,Manual,1000cc,"65,000 km",650000,https://www.pakwheels.com/used-cars/faw-x-pv-2015-for-sale-in-sargodha-5149260,FAW X-PV 2015 for sale in Sargodha
FAW,2016,Petrol,Manual,1000cc,"95,000 km",680000,https://www.pakwheels.com/used-cars/faw-x-pv-2016-for-sale-in-lala-musa-5148109,FAW X-PV 2016 for sale in Lala musa
FAW,2016,Petrol,Manual,1000cc,"95,000 km",680000,https://www.pakwheels.com/used-cars/faw-x-pv-2016-for-sale-in-lala-musa-5145559,FAW X-PV 2016 for sale in Lala musa
FAW,2019,Petrol,Manual,1000cc,"1,700 km",1200000,https://www.pakwheels.com/used-cars/faw-x-pv-2019-for-sale-in-sialkot-5148895,FAW X-PV 2019 for sale in Sialkot
FAW,2014,Petrol,Manual,1000cc,"146,000 km",730000,https://www.pakwheels.com/used-cars/faw-x-pv-2014-for-sale-in-lahore-5148832,FAW X-PV 2014 for sale in Lahore
FAW,2021,Petrol,Manual,1000cc,"4,000 km",1100000,https://www.pakwheels.com/used-cars/faw-carrier-2021-for-sale-in-hyderabad-5148286,FAW Carrier 2021 for sale in Hyderabad
FAW,2013,Petrol,Manual,1000cc,13 km,535000,https://www.pakwheels.com/used-cars/faw-x-pv-2013-for-sale-in-jehlum-5147644,FAW X-PV 2013 for sale in Jehlum
FAW,2018,Petrol,Manual,1000cc,"39,000 km",1100000,https://www.pakwheels.com/used-cars/faw-x-pv-2018-for-sale-in-rahim-yar-khan-5146133,FAW X-PV 2018 for sale in Rahim Yar Khan
FAW,2014,Petrol,Manual,1300cc,"296,000 km",1025000,https://www.pakwheels.com/used-cars/faw-x-pv-2014-for-sale-in-kasur-5144925,FAW X-PV 2014 for sale in Kasur
FAW,2016,Petrol,Manual,1000cc,"167,877 km",625000,https://www.pakwheels.com/used-cars/faw-x-pv-2016-for-sale-in-lahore-5144914,FAW X-PV 2016 for sale in Lahore
FAW,2015,Petrol,Manual,1000cc,"75,000 km",830000,https://www.pakwheels.com/used-cars/faw-x-pv-2015-for-sale-in-rawalpindi-5143865,FAW X-PV 2015 for sale in Rawalpindi
FAW,2018,Petrol,Manual,1000cc,"36,000 km",1050000,https://www.pakwheels.com/used-cars/faw-x-pv-2018-for-sale-in-sargodha-5142882,FAW X-PV 2018 for sale in Sargodha
FAW,2020,Petrol,Manual,1000cc,"7,500 km",1100000,https://www.pakwheels.com/used-cars/faw-carrier-2020-for-sale-in-sukkur-5142415,FAW Carrier 2020 for sale in Sukkur
FAW,2015,Petrol,Manual,1300cc,"112,000 km",1180000,https://www.pakwheels.com/used-cars/faw-v2-2015-for-sale-in-islamabad-5140828,FAW V2 2015 for sale in Islamabad
FAW,2013,Petrol,Manual,1000cc,"70,000 km",750000,https://www.pakwheels.com/used-cars/faw-x-pv-2013-for-sale-in-rawalpindi-5140626,FAW X-PV 2013 for sale in Rawalpindi
FAW,2018,Petrol,Manual,1500cc,"115,000 km",1985000,https://www.pakwheels.com/used-cars/faw-sirius-2018-for-sale-in-daharki-4438518,FAW Sirius 2018 for sale in Daharki
FAW,2018,Petrol,Manual,1300cc,"80,000 km",1050000,https://www.pakwheels.com/used-cars/faw-v2-2018-for-sale-in-karachi-5138127,FAW V2 2018 for sale in Karachi
FAW,2019,Petrol,Manual,1300cc,"39,000 km",1450000,https://www.pakwheels.com/used-cars/faw-v2-2019-for-sale-in-karachi-5137842,FAW V2 2019 for sale in Karachi
FAW,2015,Petrol,Manual,1300cc,"150,000 km",1050000,https://www.pakwheels.com/used-cars/faw-v2-2015-for-sale-in-faisalabad-5137623,FAW V2 2015 for sale in Faisalabad
FAW,2016,Petrol,Manual,1000cc,"100,000 km",700000,https://www.pakwheels.com/used-cars/faw-carrier-2016-for-sale-in-khanewal-5134571,FAW Carrier 2016 for sale in Khanewal
FAW,2016,Petrol,Manual,1000cc,"77,960 km",1020000,https://www.pakwheels.com/used-cars/faw-x-pv-2016-for-sale-in-lahore-5132904,FAW X-PV 2016 for sale in Lahore
FAW,2017,Petrol,Manual,1000cc,"80,000 km",1150000,https://www.pakwheels.com/used-cars/faw-x-pv-2017-for-sale-in-jamshoro-5132751,FAW X-PV 2017 for sale in Jamshoro
FAW,2017,Petrol,Manual,1000cc,"67,896 km",725000,https://www.pakwheels.com/used-cars/faw-carrier-2017-for-sale-in-multan-5132675,FAW Carrier 2017 for sale in Multan
FAW,2015,Petrol,Manual,1300cc,"135,000 km",1050000,https://www.pakwheels.com/used-cars/faw-v2-2015-for-sale-in-lahore-5130307,FAW V2 2015 for sale in Lahore
FAW,2016,Petrol,Manual,1300cc,"108,000 km",1275000,https://www.pakwheels.com/used-cars/faw-v2-2016-for-sale-in-rawalpindi-5129913,FAW V2 2016 for sale in Rawalpindi
FAW,2017,Petrol,Manual,1300cc,"79,000 km",1050000,https://www.pakwheels.com/used-cars/faw-v2-2017-for-sale-in-multan-5128682,FAW V2 2017 for sale in Multan
FAW,2016,Petrol,Manual,1000cc,"109,000 km",800000,https://www.pakwheels.com/used-cars/faw-x-pv-2016-for-sale-in-gujrat-4829911,FAW X-PV 2016 for sale in Gujrat
FAW,2020,Petrol,Manual,1000cc,"8,000 km",1150000,https://www.pakwheels.com/used-cars/faw-carrier-2020-for-sale-in-gujranwala-5126553,FAW Carrier 2020 for sale in Gujranwala
FAW,2017,Petrol,Manual,1300cc,"65,000 km",1400000,https://www.pakwheels.com/used-cars/faw-v2-2017-for-sale-in-lahore-5126068,FAW V2 2017 for sale in Lahore
FAW,2016,Petrol,Manual,1000cc,"95,000 km",720000,https://www.pakwheels.com/used-cars/faw-carrier-2016-for-sale-in-lahore-5122434,FAW Carrier 2016 for sale in Lahore
FAW,2017,Petrol,Manual,1000cc,"92,000 km",895000,https://www.pakwheels.com/used-cars/faw-x-pv-2017-for-sale-in-gujranwala-5122321,FAW X-PV 2017 for sale in Gujranwala
FAW,2014,Petrol,Manual,1000cc,"72,000 km",730000,https://www.pakwheels.com/used-cars/faw-carrier-2014-for-sale-in-rawalpindi-5121177,FAW Carrier 2014 for sale in Rawalpindi
FAW,2017,Petrol,Manual,1300cc,"21,300 km",1375000,https://www.pakwheels.com/used-cars/faw-v2-2017-for-sale-in-lahore-5120805,FAW V2 2017 for sale in Lahore
FAW,2006,Petrol,Manual,1000cc,"65,786 km",435000,https://www.pakwheels.com/used-cars/faw-x-pv-2006-for-sale-in-karachi-5120408,FAW X-PV 2006 for sale in Karachi
FAW,2016,Petrol,Manual,1000cc,"37,500 km",799000,https://www.pakwheels.com/used-cars/faw-x-pv-2016-for-sale-in-karachi-5118094,FAW X-PV 2016 for sale in Karachi
FAW,2015,Petrol,Manual,1000cc,1 km,595000,https://www.pakwheels.com/used-cars/faw-carrier-2015-for-sale-in-lahore-5117271,FAW Carrier 2015 for sale in Lahore
FAW,2014,Petrol,Manual,1000cc,"120,000 km",750000,https://www.pakwheels.com/used-cars/faw-x-pv-2014-for-sale-in-mandi-bahauddin-5115428,FAW X-PV 2014 for sale in Mandi bahauddin
FAW,2020,Petrol,Manual,1000cc,"7,160 km",1600000,https://www.pakwheels.com/used-cars/faw-x-pv-2020-for-sale-in-rawalpindi-5115987,FAW X-PV 2020 for sale in Rawalpindi
FAW,2017,Petrol,Manual,1000cc,"88,000 km",1000000,https://www.pakwheels.com/used-cars/faw-x-pv-2017-for-sale-in-chakwal-5113726,FAW X-PV 2017 for sale in Chakwal
FAW,2020,Petrol,Manual,1300cc,"3,000 km",1600000,https://www.pakwheels.com/used-cars/faw-v2-2020-for-sale-in-karachi-5113554,FAW V2 2020 for sale in Karachi
FAW,2015,Petrol,Manual,1000cc,"170,000 km",695000,https://www.pakwheels.com/used-cars/faw-x-pv-2015-for-sale-in-mandi-bahauddin-5111243,FAW X-PV 2015 for sale in Mandi bahauddin
FAW,2017,Petrol,Manual,1000cc,"61,500 km",940000,https://www.pakwheels.com/used-cars/faw-carrier-2017-for-sale-in-karachi-4615921,FAW Carrier 2017 for sale in Karachi
FAW,2019,Petrol,Manual,1000cc,14 km,800000,https://www.pakwheels.com/used-cars/faw-x-pv-2019-for-sale-in-rawalpindi-5109419,FAW X-PV 2019 for sale in Rawalpindi
FAW,2014,Petrol,Manual,1000cc,"855,636 km",700000,https://www.pakwheels.com/used-cars/faw-jiaxing-mini-mpvs-2014-for-sale-in-mandi-bahauddin-5108167,FAW Jiaxing Mini Mpvs 2014 for sale in Mandi bahauddin
FAW,2018,Petrol,Manual,1300cc,"56,000 km",1370000,https://www.pakwheels.com/used-cars/faw-v2-2018-for-sale-in-islamabad-5107136,FAW V2 2018 for sale in Islamabad
FAW,2018,Petrol,Manual,1300cc,"60,000 km",1450000,https://www.pakwheels.com/used-cars/faw-v2-2018-for-sale-in-rawalpindi-5106078,FAW V2 2018 for sale in Rawalpindi
FAW,2017,Petrol,Manual,1000cc,"63,530 km",730000,https://www.pakwheels.com/used-cars/faw-x-pv-2017-for-sale-in-lahore-5105838,FAW X-PV 2017 for sale in Lahore
FAW,2018,Petrol,Manual,1000cc,"15,834 km",950000,https://www.pakwheels.com/used-cars/faw-carrier-2018-for-sale-in-karachi-5105753,FAW Carrier 2018 for sale in Karachi
FAW,2019,Petrol,Manual,1000cc,"44,260 km",1125000,https://www.pakwheels.com/used-cars/faw-x-pv-2019-for-sale-in-karachi-5105700,FAW X-PV 2019 for sale in Karachi
FAW,2020,Petrol,Manual,1000cc,"41,000 km",1100000,https://www.pakwheels.com/used-cars/faw-carrier-2020-for-sale-in-islamabad-5105031,FAW Carrier 2020 for sale in Islamabad
FAW,2012,Petrol,Manual,1000cc,"100,000 km",475000,https://www.pakwheels.com/used-cars/faw-carrier-2012-for-sale-in-hafizabad-4943689,FAW Carrier 2012 for sale in Hafizabad
FAW,2007,CNG,Manual,1500cc,"30,000 km",425000,https://www.pakwheels.com/used-cars/faw-besturn-2007-for-sale-in-lahore-5103655,FAW Besturn 2007 for sale in Lahore
FAW,2017,Petrol,Manual,1300cc,"100,000 km",1250000,https://www.pakwheels.com/used-cars/faw-v2-2017-for-sale-in-lahore-5045513,FAW V2 2017 for sale in Lahore
FAW,2017,Petrol,Manual,1300cc,"100,000 km",1250000,https://www.pakwheels.com/used-cars/faw-v2-2017-for-sale-in-lahore-5100797,FAW V2 2017 for sale in Lahore
FAW,2021,Petrol,Manual,1000cc,10 km,1020000,https://www.pakwheels.com/used-cars/faw-carrier-2021-for-sale-in-karachi-5098985,FAW Carrier 2021 for sale in Karachi
FAW,2018,Petrol,Manual,1300cc,"61,000 km",1325000,https://www.pakwheels.com/used-cars/faw-v2-2018-for-sale-in-faisalabad-5100185,FAW V2 2018 for sale in Faisalabad
FAW,2018,Petrol,Manual,1000cc,"31,000 km",1050000,https://www.pakwheels.com/used-cars/faw-x-pv-2018-for-sale-in-rawalpindi-5099215,FAW X-PV 2018 for sale in Rawalpindi
FAW,2021,Petrol,Manual,1000cc,10 km,1020000,https://www.pakwheels.com/used-cars/faw-carrier-2021-for-sale-in-karachi-5098527,FAW Carrier 2021 for sale in Karachi
FAW,2019,Petrol,Manual,1000cc,"10,000 km",1200000,https://www.pakwheels.com/used-cars/faw-x-pv-2019-for-sale-in-islamabad-5050244,FAW X-PV 2019 for sale in Islamabad
FAW,2019,Petrol,Manual,1000cc,"79,000 km",1125000,https://www.pakwheels.com/used-cars/faw-x-pv-2019-for-sale-in-hari-pur-5096240,FAW X-PV 2019 for sale in Hari pur
FAW,2018,Petrol,Manual,1300cc,"180,000 km",1100000,https://www.pakwheels.com/used-cars/faw-v2-2018-for-sale-in-karachi-4528336,FAW V2 2018 for sale in Karachi
FAW,2019,Petrol,Manual,1300cc,"25,200 km",1375000,https://www.pakwheels.com/used-cars/faw-v2-2019-for-sale-in-karachi-5095583,FAW V2 2019 for sale in Karachi
FAW,2018,Petrol,Manual,1300cc,"67,000 km",1375000,https://www.pakwheels.com/used-cars/faw-v2-2018-for-sale-in-burewala-5093785,FAW V2 2018 for sale in Burewala
FAW,2018,Petrol,Manual,1000cc,"53,000 km",1250000,https://www.pakwheels.com/used-cars/faw-x-pv-2018-for-sale-in-zafarwal-5092709,FAW X-PV 2018 for sale in Zafarwal
FAW,2017,Petrol,Manual,1000cc,"21,000 km",1070000,https://www.pakwheels.com/used-cars/faw-x-pv-2017-for-sale-in-peshawar-3276455,FAW X-PV 2017 for sale in Peshawar
FAW,2017,Petrol,Manual,1000cc,"21,000 km",1070000,https://www.pakwheels.com/used-cars/faw-x-pv-2017-for-sale-in-peshawar-4274708,FAW X-PV 2017 for sale in Peshawar
FAW,2015,Petrol,Manual,1000cc,"30,000 km",780000,https://www.pakwheels.com/used-cars/faw-carrier-2015-for-sale-in-nowshera-5089327,FAW Carrier 2015 for sale in Nowshera
FAW,2018,Petrol,Manual,1300cc,"12,492 km",1550000,https://www.pakwheels.com/used-cars/faw-v2-2018-for-sale-in-hyderabad-5088534,FAW V2 2018 for sale in Hyderabad
FAW,2019,Petrol,Manual,1000cc,"70,000 km",1250000,https://www.pakwheels.com/used-cars/faw-x-pv-2019-for-sale-in-mardan-5088350,FAW X-PV 2019 for sale in Mardan
FAW,2018,Petrol,Manual,1000cc,"3,000 km",1180000,https://www.pakwheels.com/used-cars/faw-x-pv-2018-for-sale-in-rawalpindi-4692359,FAW X-PV 2018 for sale in Rawalpindi
FAW,2018,Petrol,Manual,1300cc,"63,000 km",1295000,https://www.pakwheels.com/used-cars/faw-v2-2018-for-sale-in-karachi-5085587,FAW V2 2018 for sale in Karachi
FAW,2017,Petrol,Manual,1000cc,"17,705 km",1150000,https://www.pakwheels.com/used-cars/faw-x-pv-2017-for-sale-in-sahiwal-5085453,FAW X-PV 2017 for sale in Sahiwal
FAW,2017,Petrol,Manual,1000cc,"70,000 km",1000000,https://www.pakwheels.com/used-cars/faw-x-pv-2017-for-sale-in-lahore-5085375,FAW X-PV 2017 for sale in Lahore
FAW,2017,Petrol,Manual,1000cc,"25,000 km",810000,https://www.pakwheels.com/used-cars/faw-x-pv-2017-for-sale-in-lahore-5081012,FAW X-PV 2017 for sale in Lahore
FAW,2015,Petrol,Manual,950cc,"190,000 km",650000,https://www.pakwheels.com/used-cars/faw-x-pv-2015-for-sale-in-sargodha-5084129,FAW X-PV 2015 for sale in Sargodha
FAW,2016,Petrol,Manual,1000cc,"81,000 km",885000,https://www.pakwheels.com/used-cars/faw-x-pv-2016-for-sale-in-rawalpindi-5082803,FAW X-PV 2016 for sale in Rawalpindi
FAW,2016,Petrol,Manual,1000cc,"91,000 km",750000,https://www.pakwheels.com/used-cars/faw-x-pv-2016-for-sale-in-faisalabad-5082002,FAW X-PV 2016 for sale in Faisalabad
FAW,2017,Petrol,Manual,1300cc,"77,000 km",1155000,https://www.pakwheels.com/used-cars/faw-v2-2017-for-sale-in-faisalabad-5080715,FAW V2 2017 for sale in Faisalabad
FAW,2015,Petrol,Manual,1000cc,"90,000 km",800000,https://www.pakwheels.com/used-cars/faw-x-pv-2015-for-sale-in-vehari-5080319,FAW X-PV 2015 for sale in Vehari
FAW,2015,Petrol,Manual,1000cc,"88,000 km",760000,https://www.pakwheels.com/used-cars/faw-x-pv-2015-for-sale-in-gujrat-4561886,FAW X-PV 2015 for sale in Gujrat
FAW,2016,Petrol,Manual,1300cc,"100,000 km",1015000,https://www.pakwheels.com/used-cars/faw-v2-2016-for-sale-in-multan-5079503,FAW V2 2016 for sale in Multan
FAW,2014,Petrol,Manual,1000cc,"146,900 km",690000,https://www.pakwheels.com/used-cars/faw-x-pv-2014-for-sale-in-daska-5079312,FAW X-PV 2014 for sale in Daska
FAW,2015,Petrol,Manual,1000cc,"120,000 km",729000,https://www.pakwheels.com/used-cars/faw-x-pv-2015-for-sale-in-kharian-5078394,FAW X-PV 2015 for sale in Kharian
FAW,2017,Petrol,Manual,1000cc,"45,000 km",1030000,https://www.pakwheels.com/used-cars/faw-x-pv-2017-for-sale-in-lahore-5077078,FAW X-PV 2017 for sale in Lahore
FAW,2016,Petrol,Manual,1000cc,"142,000 km",730000,https://www.pakwheels.com/used-cars/faw-x-pv-2016-for-sale-in-sialkot-5076955,FAW X-PV 2016 for sale in Sialkot
FAW,2019,Petrol,Manual,1300cc,"12,000 km",1500000,https://www.pakwheels.com/used-cars/faw-v2-2019-for-sale-in-karachi-5075852,FAW V2 2019 for sale in Karachi
FAW,2018,Petrol,Manual,1300cc,"51,000 km",1415000,https://www.pakwheels.com/used-cars/faw-v2-2018-for-sale-in-lahore-5075345,FAW V2 2018 for sale in Lahore
FAW,2016,Petrol,Manual,1300cc,"63,000 km",1250000,https://www.pakwheels.com/used-cars/faw-v2-2016-for-sale-in-bahawalpur-5073098,FAW V2 2016 for sale in Bahawalpur
FAW,2016,Petrol,Manual,1000cc,"68,367 km",780000,https://www.pakwheels.com/used-cars/faw-x-pv-2016-for-sale-in-karachi-5072949,FAW X-PV 2016 for sale in Karachi
FAW,2016,Petrol,Manual,1000cc,"20,000 km",825000,https://www.pakwheels.com/used-cars/faw-carrier-2016-for-sale-in-sialkot-4724558,FAW Carrier 2016 for sale in Sialkot
FAW,2014,Petrol,Manual,1000cc,"108,000 km",725000,https://www.pakwheels.com/used-cars/faw-carrier-2014-for-sale-in-layyah-5072414,FAW Carrier 2014 for sale in Layyah
FAW,2018,Petrol,Manual,1000cc,"150,000 km",970000,https://www.pakwheels.com/used-cars/faw-x-pv-2018-for-sale-in-kasur-5071115,FAW X-PV 2018 for sale in Kasur
FAW,2018,Petrol,Manual,1000cc,"72,800 km",1050000,https://www.pakwheels.com/used-cars/faw-x-pv-2018-for-sale-in-lahore-5047883,FAW X-PV 2018 for sale in Lahore
FAW,2017,Petrol,Manual,1000cc,"57,000 km",850000,https://www.pakwheels.com/used-cars/faw-x-pv-2017-for-sale-in-karachi-5069735,FAW X-PV 2017 for sale in Karachi
FAW,2019,Petrol,Manual,1000cc,"25,000 km",1300000,https://www.pakwheels.com/used-cars/faw-x-pv-2019-for-sale-in-attock-5069435,FAW X-PV 2019 for sale in Attock
FAW,2017,CNG,Manual,1000cc,"188,888 km",795000,https://www.pakwheels.com/used-cars/faw-carrier-2017-for-sale-in-lahore-5069189,FAW Carrier 2017 for sale in Lahore
FAW,2015,Petrol,Manual,1000cc,"75,000 km",850000,https://www.pakwheels.com/used-cars/faw-x-pv-2015-for-sale-in-rawalpindi-5068881,FAW X-PV 2015 for sale in Rawalpindi
FAW,2016,Petrol,Manual,1000cc,"150,000 km",800000,https://www.pakwheels.com/used-cars/faw-x-pv-2016-for-sale-in-gujranwala-5068334,FAW X-PV 2016 for sale in Gujranwala
FAW,2018,Petrol,Manual,1000cc,"48,000 km",1250000,https://www.pakwheels.com/used-cars/faw-x-pv-2018-for-sale-in-sara-e-alamgir-5068090,FAW X-PV 2018 for sale in Sara-E-Alamgir
FAW,2016,Petrol,Manual,1000cc,"128,000 km",820000,https://www.pakwheels.com/used-cars/faw-x-pv-2016-for-sale-in-arifwala-5067007,FAW X-PV 2016 for sale in Arifwala
FAW,2018,Petrol,Manual,1000cc,"52,000 km",1050000,https://www.pakwheels.com/used-cars/faw-x-pv-2018-for-sale-in-gujrat-5067359,FAW X-PV 2018 for sale in Gujrat
FAW,2018,Petrol,Manual,1300cc,"60,000 km",1500000,https://www.pakwheels.com/used-cars/faw-v2-2018-for-sale-in-wah-cantt-5067259,FAW V2 2018 for sale in Wah cantt
FAW,2018,Petrol,Manual,1000cc,"50,000 km",910000,https://www.pakwheels.com/used-cars/faw-x-pv-2018-for-sale-in-lahore-5065641,FAW X-PV 2018 for sale in Lahore
FAW,2017,Petrol,Manual,1000cc,"83,584 km",850000,https://www.pakwheels.com/used-cars/faw-x-pv-2017-for-sale-in-kharian-5065623,FAW X-PV 2017 for sale in Kharian
FAW,2018,Petrol,Manual,1300cc,"60,000 km",1450000,https://www.pakwheels.com/used-cars/faw-v2-2018-for-sale-in-jhang-5065183,FAW V2 2018 for sale in Jhang
FAW,2018,Petrol,Manual,1300cc,"121,000 km",1280000,https://www.pakwheels.com/used-cars/faw-v2-2018-for-sale-in-islamabad-5065013,FAW V2 2018 for sale in Islamabad
FAW,2017,Petrol,Manual,1300cc,"100,000 km",1250000,https://www.pakwheels.com/used-cars/faw-v2-2017-for-sale-in-karachi-5064989,FAW V2 2017 for sale in Karachi
FAW,2017,Petrol,Manual,1000cc,"24,000 km",930000,https://www.pakwheels.com/used-cars/faw-x-pv-2017-for-sale-in-wah-cantt-5062119,FAW X-PV 2017 for sale in Wah cantt
FAW,2015,Petrol,Manual,1000cc,"140,677 km",800000,https://www.pakwheels.com/used-cars/faw-x-pv-2015-for-sale-in-lahore-5061135,FAW X-PV 2015 for sale in Lahore
FAW,2017,Petrol,Manual,1000cc,"18,000 km",1150000,https://www.pakwheels.com/used-cars/faw-x-pv-2017-for-sale-in-nawabshah-5060771,FAW X-PV 2017 for sale in Nawabshah
FAW,2017,Petrol,Manual,1000cc,"150,000 km",850000,https://www.pakwheels.com/used-cars/faw-x-pv-2017-for-sale-in-rawalpindi-5060527,FAW X-PV 2017 for sale in Rawalpindi
FAW,2020,Petrol,Manual,1000cc,"7,610 km",950000,https://www.pakwheels.com/used-cars/faw-carrier-2020-for-sale-in-peshawar-5060474,FAW Carrier 2020 for sale in Peshawar
FAW,2014,Petrol,Manual,1000cc,"75,085 km",650000,https://www.pakwheels.com/used-cars/faw-x-pv-2014-for-sale-in-bhera-5060388,FAW X-PV 2014 for sale in Bhera
FAW,2019,Petrol,Manual,1000cc,"24,000 km",1300000,https://www.pakwheels.com/used-cars/faw-x-pv-2019-for-sale-in-attock-5054753,FAW X-PV 2019 for sale in Attock
FAW,2017,Petrol,Manual,1000cc,"4,600 km",1050000,https://www.pakwheels.com/used-cars/faw-x-pv-2017-for-sale-in-abottabad-5056517,FAW X-PV 2017 for sale in Abottabad
FAW,2013,Petrol,Manual,1000cc,"70,000 km",599990,https://www.pakwheels.com/used-cars/faw-carrier-2013-for-sale-in-daska-5054464,FAW Carrier 2013 for sale in Daska
FAW,2019,Petrol,Manual,1000cc,"36,000 km",975000,https://www.pakwheels.com/used-cars/faw-x-pv-2019-for-sale-in-lahore-5053740,FAW X-PV 2019 for sale in Lahore
FAW,2014,Petrol,Manual,1000cc,"73,000 km",750000,https://www.pakwheels.com/used-cars/faw-carrier-2014-for-sale-in-rawalpindi-5051256,FAW Carrier 2014 for sale in Rawalpindi
FAW,2014,Petrol,Manual,1000cc,"500,000 km",550000,https://www.pakwheels.com/used-cars/faw-carrier-2014-for-sale-in-multan-5048778,FAW Carrier 2014 for sale in Multan
FAW,2015,Petrol,Manual,1500cc,"200,000 km",1650000,https://www.pakwheels.com/used-cars/faw-sirius-2015-for-sale-in-islamabad-5047811,FAW Sirius 2015 for sale in Islamabad
FAW,2015,Petrol,Manual,1000cc,"30,500 km",850000,https://www.pakwheels.com/used-cars/faw-carrier-2015-for-sale-in-gujrat-5047110,FAW Carrier 2015 for sale in Gujrat
FAW,2016,Petrol,Manual,1300cc,"93,000 km",1400000,https://www.pakwheels.com/used-cars/faw-v2-2016-for-sale-in-gujrat-5044732,FAW V2 2016 for sale in Gujrat
FAW,2018,Petrol,Manual,1300cc,"47,000 km",1395000,https://www.pakwheels.com/used-cars/faw-v2-2018-for-sale-in-bahawalpur-5044585,FAW V2 2018 for sale in Bahawalpur
FAW,2019,Petrol,Manual,1000cc,"10,000 km",1250000,https://www.pakwheels.com/used-cars/faw-x-pv-2019-for-sale-in-lahore-4894684,FAW X-PV 2019 for sale in Lahore
FAW,2018,Petrol,Manual,1000cc,"75,000 km",785000,https://www.pakwheels.com/used-cars/faw-x-pv-2018-for-sale-in-okara-5341535,FAW X-PV 2018 for sale in Okara
FAW,2019,Petrol,Manual,1000cc,"72,000 km",525000,https://www.pakwheels.com/used-cars/faw-x-pv-2019-for-sale-in-sahiwal-5331967,FAW X-PV 2019 for sale in Sahiwal
FAW,2020,Petrol,Manual,1000cc,"9,000 km",700000,https://www.pakwheels.com/used-cars/faw-carrier-2020-for-sale-in-rawalpindi-5338396,FAW Carrier 2020 for sale in Rawalpindi
FAW,2015,Petrol,Manual,1300cc,"60,000 km",580000,https://www.pakwheels.com/used-cars/faw-v2-2015-for-sale-in-faisalabad-5002084,FAW V2 2015 for sale in Faisalabad
FAW,2017,Petrol,Manual,1300cc,"120,000 km",650000,https://www.pakwheels.com/used-cars/faw-v2-2017-for-sale-in-lahore-5308192,FAW V2 2017 for sale in Lahore
FAW,2019,Petrol,Manual,1000cc,"54,000 km",850000,https://www.pakwheels.com/used-cars/faw-x-pv-2019-for-sale-in-karachi-5302983,FAW X-PV 2019 for sale in Karachi
FAW,2018,Petrol,Manual,1000cc,"90,000 km",450000,https://www.pakwheels.com/used-cars/faw-x-pv-2018-for-sale-in-gujranwala-5296545,FAW X-PV 2018 for sale in Gujranwala
FAW,2018,Petrol,Manual,1000cc,"95,000 km",800000,https://www.pakwheels.com/used-cars/faw-x-pv-2018-for-sale-in-okara-5285683,FAW X-PV 2018 for sale in Okara
FAW,2018,Petrol,Manual,1000cc,"64,948 km",800000,https://www.pakwheels.com/used-cars/faw-x-pv-2018-for-sale-in-lahore-5212499,FAW X-PV 2018 for sale in Lahore
FAW,2018,Petrol,Manual,1000cc,"65,000 km",450000,https://www.pakwheels.com/used-cars/faw-x-pv-2018-for-sale-in-faisalabad-5240472,FAW X-PV 2018 for sale in Faisalabad
FAW,2018,Petrol,Manual,1000cc,15 km,800000,https://www.pakwheels.com/used-cars/faw-x-pv-2018-for-sale-in-lahore-5219181,FAW X-PV 2018 for sale in Lahore
FAW,2017,Petrol,Manual,1000cc,"76,000 km",600000,https://www.pakwheels.com/used-cars/faw-x-pv-2017-for-sale-in-islamabad-5203378,FAW X-PV 2017 for sale in Islamabad
FAW,2018,Petrol,Manual,1000cc,"66,000 km",500000,https://www.pakwheels.com/used-cars/faw-x-pv-2018-for-sale-in-faisalabad-5189648,FAW X-PV 2018 for sale in Faisalabad
FAW,2018,Petrol,Manual,1300cc,"37,000 km",1190000,https://www.pakwheels.com/used-cars/faw-v2-2018-for-sale-in-karachi-5178425,FAW V2 2018 for sale in Karachi
FAW,2020,Petrol,Manual,1000cc,"15,000 km",600000,https://www.pakwheels.com/used-cars/faw-carrier-2020-for-sale-in-chichawatni-5156946,FAW Carrier 2020 for sale in Chichawatni
FAW,2015,Petrol,Manual,1000cc,"150,000 km",550000,https://www.pakwheels.com/used-cars/faw-x-pv-2015-for-sale-in-faisalabad-5137488,FAW X-PV 2015 for sale in Faisalabad
FAW,2021,Petrol,Manual,1000cc,14 km,350000,https://www.pakwheels.com/used-cars/faw-x-pv-2021-for-sale-in-multan-5120694,FAW X-PV 2021 for sale in Multan
